<?xml version="1.0" encoding="UTF-8"?>
<Dialog xmlns:xsi="http://www.w3.org/2001/XMLSchema-instance" xsi:noNamespaceSchemaLocation="..\..\XMLSchema\Dialogs.xsd">
	<start_message_name>msg00</start_message_name>
	<DialogMessage name="msg00">
		<message>#L_D2_msg00</message>
		<pilot_name>Viper</pilot_name>
		<sound_name/>
		<DialogAnswer name="ans00">
			<answer>#L_D2_ans00</answer>
			<lua_function/>
			<go_message_name>msg10</go_message_name>
			<multi_pass>true</multi_pass>
			<sound_name/>
		</DialogAnswer>
	</DialogMessage>
	<DialogMessage name="msg10">
		<message>#L_D2_msg10</message>
		<pilot_name>Viper</pilot_name>
		<sound_name/>
		<DialogAnswer name="ans01">
			<answer>#L_D2_ans01</answer>
			<lua_function/>
			<go_message_name>msg20</go_message_name>
			<multi_pass>true</multi_pass>
			<sound_name/>
		</DialogAnswer>
	</DialogMessage>
	<DialogMessage name="msg20">
		<message>#L_D2_msg20</message>
		<pilot_name>Viper</pilot_name>
		<sound_name/>
		<DialogAnswer name="ans01">
			<answer>#L_D2_ans02</answer>
			<lua_function>End_Ok</lua_function>
			<go_message_name/>
			<multi_pass>true</multi_pass>
			<sound_name/>
		</DialogAnswer>
	</DialogMessage>
</Dialog>
