<?xml version="1.0" encoding="UTF-8"?>
<Dialog xmlns:xsi="http://www.w3.org/2001/XMLSchema-instance" xsi:noNamespaceSchemaLocation="..\..\XMLSchema\Dialogs.xsd">
	<start_message_name>msg00</start_message_name>
	<DialogMessage name="msg00">
		<message>#L_D1_msg00</message>
		<pilot_name>NAVYOfficer</pilot_name>
		<sound_name/>
		<DialogAnswer name="ans00">
			<answer>#L_D1_ans00</answer>
			<lua_function/>
			<go_message_name>msg10</go_message_name>
			<multi_pass>true</multi_pass>
			<sound_name/>
		</DialogAnswer>
	</DialogMessage>
	<DialogMessage name="msg10">
		<message>#L_D1_msg10</message>
		<pilot_name>USSAgent</pilot_name>
		<sound_name/>
		<DialogAnswer name="ans01">
			<answer>#L_D1_ans01</answer>
			<lua_function/>
			<go_message_name>msg20</go_message_name>
			<multi_pass>true</multi_pass>
			<sound_name/>
		</DialogAnswer>
	</DialogMessage>
	<DialogMessage name="msg20">
		<message>#L_D1_msg20</message>
		<pilot_name>NAVYOfficer</pilot_name>
		<sound_name/>
		<DialogAnswer name="ans02">
			<answer>#L_D1_ans02</answer>
			<lua_function/>
			<go_message_name>msg30</go_message_name>
			<multi_pass>true</multi_pass>
			<sound_name/>
		</DialogAnswer>
	</DialogMessage>
	<DialogMessage name="msg30">
		<message>#L_D1_msg30</message>
		<pilot_name>TriadaAgent</pilot_name>
		<sound_name/>
		<DialogAnswer name="ans03">
			<answer>#L_D1_ans03</answer>
			<lua_function/>
			<go_message_name>msg40</go_message_name>
			<multi_pass>true</multi_pass>
			<sound_name/>
		</DialogAnswer>
	</DialogMessage>
	<DialogMessage name="msg40">
		<message>#L_D1_msg40</message>
		<pilot_name>NAVYOfficer</pilot_name>
		<sound_name/>
		<DialogAnswer name="ans04">
			<answer>#L_D1_ans04</answer>
			<lua_function/>
			<go_message_name>msg50</go_message_name>
			<multi_pass>true</multi_pass>
			<sound_name/>
		</DialogAnswer>
	</DialogMessage>
	<DialogMessage name="msg50">
		<message>#L_D1_msg50</message>
		<pilot_name>InocoAgent</pilot_name>
		<sound_name/>
		<DialogAnswer name="ans05">
			<answer>#L_D1_ans05</answer>
			<lua_function/>
			<go_message_name>msg60</go_message_name>
			<multi_pass>true</multi_pass>
			<sound_name/>
		</DialogAnswer>
	</DialogMessage>
	<DialogMessage name="msg60">
		<message>#L_D1_msg60</message>
		<pilot_name>NAVYOfficer</pilot_name>
		<sound_name/>
		<DialogAnswer name="ans06">
			<answer>#L_D1_ans06</answer>
			<lua_function/>
			<go_message_name>msg70</go_message_name>
			<multi_pass>true</multi_pass>
			<sound_name/>
		</DialogAnswer>
	</DialogMessage>
	<DialogMessage name="msg70">
		<message>#L_D1_msg70</message>
		<pilot_name>USSAgent</pilot_name>
		<sound_name/>
		<DialogAnswer name="ans07">
			<answer>#L_D1_ans07</answer>
			<lua_function/>
			<go_message_name>msg80</go_message_name>
			<multi_pass>true</multi_pass>
			<sound_name/>
		</DialogAnswer>
	</DialogMessage>
	<DialogMessage name="msg80">
		<message>#L_D1_msg80</message>
		<pilot_name>NAVYOfficer</pilot_name>
		<sound_name/>
		<DialogAnswer name="ans08">
			<answer>#L_D1_ans08</answer>
			<lua_function/>
			<go_message_name>msg90</go_message_name>
			<multi_pass>true</multi_pass>
			<sound_name/>
		</DialogAnswer>
	</DialogMessage>
	<DialogMessage name="msg90">
		<message>#L_D1_msg90</message>
		<pilot_name>Ace</pilot_name>
		<sound_name/>
		<DialogAnswer name="ans09">
			<answer>#L_D1_ans09</answer>
			<lua_function>WAR_WITH_CORP</lua_function>
			<go_message_name/>
			<multi_pass>true</multi_pass>
			<sound_name/>
		</DialogAnswer>
		<DialogAnswer name="ans10">
			<answer>#L_D1_ans10</answer>
			<lua_function>WAR_WITH_NAVY</lua_function>
			<go_message_name/>
			<multi_pass>true</multi_pass>
			<sound_name/>
		</DialogAnswer>
		<DialogAnswer name="ans11">
			<answer>#L_D1_ans11</answer>
			<lua_function/>
			<go_message_name>msg130</go_message_name>
			<multi_pass>true</multi_pass>
			<sound_name/>
		</DialogAnswer>
	</DialogMessage>
	<DialogMessage name="msg130">
		<message>#L_D1_msg130</message>
		<pilot_name>NAVYOfficer</pilot_name>
		<sound_name/>
		<DialogAnswer name="ans131">
			<answer>#L_D1_ans131</answer>
			<lua_function/>
			<go_message_name>msg140</go_message_name>
			<multi_pass>true</multi_pass>
			<sound_name/>
		</DialogAnswer>
	</DialogMessage>
	<DialogMessage name="msg140">
		<message>#L_D1_msg140</message>
		<pilot_name>Ace</pilot_name>
		<sound_name/>
		<DialogAnswer name="ans141">
			<answer>#L_D1_ans141</answer>
			<lua_function/>
			<go_message_name>msg930</go_message_name>
			<multi_pass>true</multi_pass>
			<sound_name/>
		</DialogAnswer>
	</DialogMessage>
	<DialogMessage name="msg930">
		<message>#L_D1_msg930</message>
		<pilot_name>NAVYOfficer</pilot_name>
		<sound_name/>
		<DialogAnswer name="ans931">
			<answer>#L_D1_ans931</answer>
			<lua_function/>
			<go_message_name>msg940</go_message_name>
			<multi_pass>true</multi_pass>
			<sound_name/>
		</DialogAnswer>
	</DialogMessage>
	<DialogMessage name="msg940">
		<message>#L_D1_msg940</message>
		<pilot_name>TriadaAgent</pilot_name>
		<sound_name/>
		<DialogAnswer name="ans941">
			<answer>#L_D1_ans941</answer>
			<lua_function/>
			<go_message_name>msg950</go_message_name>
			<multi_pass>true</multi_pass>
			<sound_name/>
		</DialogAnswer>
	</DialogMessage>
	<DialogMessage name="msg950">
		<message>#L_D1_msg950</message>
		<pilot_name>Ace</pilot_name>
		<sound_name/>
		<DialogAnswer name="ans951">
			<answer>#L_D1_ans951</answer>
			<lua_function/>
			<go_message_name>msg960</go_message_name>
			<multi_pass>true</multi_pass>
			<sound_name/>
		</DialogAnswer>
	</DialogMessage>
	<DialogMessage name="msg960">
		<message>#L_D1_msg960</message>
		<pilot_name>TriadaAgent</pilot_name>
		<sound_name/>
		<DialogAnswer name="ans961">
			<answer>#L_D1_ans961</answer>
			<lua_function>WAR_WITH_ALL</lua_function>
			<go_message_name/>
			<multi_pass>true</multi_pass>
			<sound_name/>
		</DialogAnswer>
	</DialogMessage>
</Dialog>
