<?xml version="1.0" encoding="UTF-8"?>
<Dialog xmlns:xsi="http://www.w3.org/2001/XMLSchema-instance" xsi:noNamespaceSchemaLocation="..\..\XMLSchema\Dialogs.xsd">
	<start_message_name>msg00</start_message_name>
	<DialogMessage name="msg00">
		<message>#L_D1_msg00</message>
		<pilot_name>Ace</pilot_name>
		<sound_name/>
		<DialogAnswer name="ans00">
			<answer>#L_D1_ans00</answer>
			<lua_function/>
			<go_message_name>msg10</go_message_name>
			<multi_pass>true</multi_pass>
			<sound_name/>
		</DialogAnswer>
	</DialogMessage>
	<DialogMessage name="msg10">
		<message>#L_D1_msg10</message>
		<pilot_name>Cleric</pilot_name>
		<sound_name/>
		<DialogAnswer name="ans10">
			<answer>#L_D1_ans00</answer>
			<lua_function/>
			<go_message_name>msg20</go_message_name>
			<multi_pass>true</multi_pass>
			<sound_name/>
		</DialogAnswer>
	</DialogMessage>
	<DialogMessage name="msg20">
		<message>#L_D1_msg20</message>
		<pilot_name>Ace</pilot_name>
		<sound_name/>
		<DialogAnswer name="ans20">
			<answer>#L_D1_ans00</answer>
			<lua_function/>
			<go_message_name>msg30</go_message_name>
			<multi_pass>true</multi_pass>
			<sound_name/>
		</DialogAnswer>
	</DialogMessage>
	<DialogMessage name="msg30">
		<message>#L_D1_msg30</message>
		<pilot_name>Cleric</pilot_name>
		<sound_name/>
		<DialogAnswer name="ans30">
			<answer>#L_D1_ans30</answer>
			<lua_function/>
			<go_message_name>msg40</go_message_name>
			<multi_pass>true</multi_pass>
			<sound_name/>
		</DialogAnswer>
	</DialogMessage>
	<DialogMessage name="msg40">
		<message>#L_D1_msg40</message>
		<pilot_name>Cleric</pilot_name>
		<sound_name/>
		<DialogAnswer name="ans40">
			<answer>#L_D1_ans00</answer>
			<lua_function/>
			<go_message_name>msg50</go_message_name>
			<multi_pass>true</multi_pass>
			<sound_name/>
		</DialogAnswer>
	</DialogMessage>
	<DialogMessage name="msg50">
		<message>#L_D1_msg50</message>
		<pilot_name>Phantom</pilot_name>
		<sound_name/>
		<DialogAnswer name="ans50">
			<answer>#L_D1_ans00</answer>
			<lua_function/>
			<go_message_name>msg60</go_message_name>
			<multi_pass>true</multi_pass>
			<sound_name/>
		</DialogAnswer>
	</DialogMessage>
	<DialogMessage name="msg60">
		<message>#L_D1_msg60</message>
		<pilot_name>Cleric</pilot_name>
		<sound_name/>
		<DialogAnswer name="ans60">
			<answer>#L_D1_ans00</answer>
			<lua_function/>
			<go_message_name>msg70</go_message_name>
			<multi_pass>true</multi_pass>
			<sound_name/>
		</DialogAnswer>
	</DialogMessage>
	<DialogMessage name="msg70">
		<message>#L_D1_msg70</message>
		<pilot_name>Ace</pilot_name>
		<sound_name/>
		<DialogAnswer name="ans70">
			<answer>#L_D1_ans00</answer>
			<lua_function/>
			<go_message_name>msg80</go_message_name>
			<multi_pass>true</multi_pass>
			<sound_name/>
		</DialogAnswer>
	</DialogMessage>
	<DialogMessage name="msg80">
		<message>#L_D1_msg80</message>
		<pilot_name>Cleric</pilot_name>
		<sound_name/>
		<DialogAnswer name="ans80">
			<answer>#L_D1_ans00</answer>
			<lua_function/>
			<go_message_name>msg90</go_message_name>
			<multi_pass>true</multi_pass>
			<sound_name/>
		</DialogAnswer>
	</DialogMessage>
	<DialogMessage name="msg90">
		<message>#L_D1_msg90</message>
		<pilot_name>Ace</pilot_name>
		<sound_name/>
		<DialogAnswer name="ans90">
			<answer>#L_D1_ans00</answer>
			<lua_function/>
			<go_message_name>msg100</go_message_name>
			<multi_pass>true</multi_pass>
			<sound_name/>
		</DialogAnswer>
	</DialogMessage>
	<DialogMessage name="msg100">
		<message>#L_D1_msg100</message>
		<pilot_name>Cleric</pilot_name>
		<sound_name/>
		<DialogAnswer name="ans100">
			<answer>#L_D1_ans100</answer>
			<lua_function>SaveHeretic</lua_function>
			<go_message_name/>
			<multi_pass>true</multi_pass>
			<sound_name/>
		</DialogAnswer>
	</DialogMessage>
</Dialog>
