<?xml version="1.0" encoding="UTF-8"?>
<Dialog xmlns:xsi="http://www.w3.org/2001/XMLSchema-instance" xsi:noNamespaceSchemaLocation="..\..\XMLSchema\Dialogs.xsd">
	<start_message_name>msg00</start_message_name>
	<DialogMessage name="msg00">
		<message>#L_E3_msg00</message>
		<pilot_name>Contraband</pilot_name>
		<sound_name/>
		<DialogAnswer name="ans00">
			<answer>#L_E3_ans00</answer>
			<lua_function/>
			<go_message_name>msg10</go_message_name>
			<multi_pass>true</multi_pass>
			<sound_name/>
		</DialogAnswer>
	</DialogMessage>
	<DialogMessage name="msg10">
		<message>#L_E3_msg10</message>
		<pilot_name>Contraband</pilot_name>
		<sound_name/>
		<DialogAnswer name="ans10">
			<answer>#L_E3_ans10</answer>
			<lua_function/>
			<go_message_name>msg20</go_message_name>
			<multi_pass>true</multi_pass>
			<sound_name/>
		</DialogAnswer>
	</DialogMessage>
	<DialogMessage name="msg20">
		<message>#L_E3_msg20</message>
		<pilot_name>Contraband</pilot_name>
		<sound_name/>
		<DialogAnswer name="ans20">
			<answer>#L_E3_ans20</answer>
			<lua_function/>
			<go_message_name>msg30</go_message_name>
			<multi_pass>true</multi_pass>
			<sound_name/>
		</DialogAnswer>
	</DialogMessage>
	<DialogMessage name="msg30">
		<message>#L_E3_msg30</message>
		<pilot_name>Contraband</pilot_name>
		<sound_name/>
		<DialogAnswer name="ans31">
			<answer>#L_E3_ans31</answer>
			<lua_function/>
			<go_message_name>msg40</go_message_name>
			<multi_pass>true</multi_pass>
			<sound_name/>
		</DialogAnswer>
	</DialogMessage>
	<DialogMessage name="msg40">
		<message>#L_E3_msg40</message>
		<pilot_name>Contraband</pilot_name>
		<sound_name/>
		<DialogAnswer name="ans40">
			<answer>#L_E3_ans40</answer>
			<lua_function>Get_Convoy</lua_function>
			<go_message_name/>
			<multi_pass>true</multi_pass>
			<sound_name/>
		</DialogAnswer>
	</DialogMessage>
</Dialog>
