<?xml version="1.0" encoding="UTF-8"?>
<Dialog xmlns:xsi="http://www.w3.org/2001/XMLSchema-instance" xsi:noNamespaceSchemaLocation="..\..\XMLSchema\Dialogs.xsd">
	<start_message_name>msg00</start_message_name>
	<DialogMessage name="msg00">
		<message>#L_G3_msg00</message>
		<pilot_name>Contraband</pilot_name>
		<sound_name/>
		<DialogAnswer name="ans00">
			<answer>#L_G3_ans00</answer>
			<lua_function>Sell_Connect</lua_function>
			<go_message_name/>
			<multi_pass>true</multi_pass>
			<sound_name/>
		</DialogAnswer>
	</DialogMessage>
</Dialog>
