<?xml version="1.0" encoding="UTF-8"?>
<Dialog xmlns:xsi="http://www.w3.org/2001/XMLSchema-instance" xsi:noNamespaceSchemaLocation="..\..\XMLSchema\Dialogs.xsd">
	<start_message_name>msg00</start_message_name>
	<DialogMessage name="msg00">
		<message>#L_D7_msg00</message>
		<pilot_name>OldAdmiral</pilot_name>
		<sound_name/>
		<DialogAnswer name="ans00">
			<answer>#L_D7_ans00</answer>
			<lua_function/>
			<go_message_name>msg10</go_message_name>
			<multi_pass>true</multi_pass>
			<sound_name/>
		</DialogAnswer>
	</DialogMessage>
	<DialogMessage name="msg10">
		<message>#L_D7_msg10</message>
		<pilot_name>GonerAdmiral</pilot_name>
		<sound_name/>
		<DialogAnswer name="ans11">
			<answer>#L_D7_ans11</answer>
			<lua_function>Fin1</lua_function>
			<go_message_name/>
			<multi_pass>true</multi_pass>
			<sound_name/>
		</DialogAnswer>
		<DialogAnswer name="ans12">
			<answer>#L_D7_ans12</answer>
			<lua_function>Fin2</lua_function>
			<go_message_name/>
			<multi_pass>true</multi_pass>
			<sound_name/>
		</DialogAnswer>
	</DialogMessage>
</Dialog>
