<?xml version="1.0" encoding="UTF-8"?>
<Dialog xmlns:xsi="http://www.w3.org/2001/XMLSchema-instance" xsi:noNamespaceSchemaLocation="..\..\XMLSchema\Dialogs.xsd">
	<start_message_name>msg00</start_message_name>
	<DialogMessage name="msg00">
		<message>#L_D2_msg00</message>
		<pilot_name>Ace</pilot_name>
		<sound_name/>
		<DialogAnswer name="ans00">
			<answer>#L_D2_ans00</answer>
			<lua_function/>
			<go_message_name>msg10</go_message_name>
			<multi_pass>true</multi_pass>
			<sound_name/>
		</DialogAnswer>
	</DialogMessage>
	<DialogMessage name="msg10">
		<message>#L_D2_msg10</message>
		<pilot_name>Traf</pilot_name>
		<sound_name/>
		<DialogAnswer name="ans10">
			<answer>#L_D2_ans00</answer>
			<lua_function/>
			<go_message_name>msg20</go_message_name>
			<multi_pass>true</multi_pass>
			<sound_name/>
		</DialogAnswer>
	</DialogMessage>
	<DialogMessage name="msg20">
		<message>#L_D2_msg20</message>
		<pilot_name>Ace</pilot_name>
		<sound_name/>
		<DialogAnswer name="ans20">
			<answer>#L_D2_ans00</answer>
			<lua_function/>
			<go_message_name>msg30</go_message_name>
			<multi_pass>true</multi_pass>
			<sound_name/>
		</DialogAnswer>
	</DialogMessage>
	<DialogMessage name="msg30">
		<message>#L_D2_msg30</message>
		<pilot_name>Traf</pilot_name>
		<sound_name/>
		<DialogAnswer name="ans30">
			<answer>#L_D2_ans30</answer>
			<lua_function/>
			<go_message_name>msg40</go_message_name>
			<multi_pass>true</multi_pass>
			<sound_name/>
		</DialogAnswer>
	</DialogMessage>
	<DialogMessage name="msg40">
		<message>#L_D2_msg40</message>
		<pilot_name>Traf</pilot_name>
		<sound_name/>
		<DialogAnswer name="ans40">
			<answer>#L_D2_ans00</answer>
			<lua_function/>
			<go_message_name>msg50</go_message_name>
			<multi_pass>true</multi_pass>
			<sound_name/>
		</DialogAnswer>
	</DialogMessage>
	<DialogMessage name="msg50">
		<message>#L_D2_msg50</message>
		<pilot_name>Ace</pilot_name>
		<sound_name/>
		<DialogAnswer name="ans50">
			<answer>#L_D2_ans00</answer>
			<lua_function/>
			<go_message_name>msg60</go_message_name>
			<multi_pass>true</multi_pass>
			<sound_name/>
		</DialogAnswer>
	</DialogMessage>
	<DialogMessage name="msg60">
		<message>#L_D2_msg60</message>
		<pilot_name>Traf</pilot_name>
		<sound_name/>
		<DialogAnswer name="ans61">
			<answer>#L_D2_ans61</answer>
			<lua_function/>
			<go_message_name>msg71</go_message_name>
			<multi_pass>true</multi_pass>
			<sound_name/>
		</DialogAnswer>
		<DialogAnswer name="ans62">
			<answer>#L_D2_ans62</answer>
			<lua_function/>
			<go_message_name>msg72</go_message_name>
			<multi_pass>true</multi_pass>
			<sound_name/>
		</DialogAnswer>
	</DialogMessage>
	<DialogMessage name="msg71">
		<message>#L_D2_msg71</message>
		<pilot_name>Traf</pilot_name>
		<sound_name/>
		<DialogAnswer name="ans71">
			<answer>#L_D2_ans00</answer>
			<lua_function/>
			<go_message_name>msg80</go_message_name>
			<multi_pass>true</multi_pass>
			<sound_name/>
		</DialogAnswer>
	</DialogMessage>
	<DialogMessage name="msg72">
		<message>#L_D2_msg72</message>
		<pilot_name>Traf</pilot_name>
		<sound_name/>
		<DialogAnswer name="ans72">
			<answer>#L_D2_ans00</answer>
			<lua_function/>
			<go_message_name>msg80</go_message_name>
			<multi_pass>true</multi_pass>
			<sound_name/>
		</DialogAnswer>
	</DialogMessage>
	<DialogMessage name="msg80">
		<message>#L_D2_msg80</message>
		<pilot_name>Ace</pilot_name>
		<sound_name/>
		<DialogAnswer name="ans80">
			<answer>#L_D2_ans00</answer>
			<lua_function/>
			<go_message_name>msg90</go_message_name>
			<multi_pass>true</multi_pass>
			<sound_name/>
		</DialogAnswer>
	</DialogMessage>
	<DialogMessage name="msg90">
		<message>#L_D2_msg90</message>
		<pilot_name>Traf</pilot_name>
		<sound_name/>
		<DialogAnswer name="ans90">
			<answer>#L_D2_ans00</answer>
			<lua_function/>
			<go_message_name>msg100</go_message_name>
			<multi_pass>true</multi_pass>
			<sound_name/>
		</DialogAnswer>
	</DialogMessage>
	<DialogMessage name="msg100">
		<message>#L_D2_msg100</message>
		<pilot_name>Ace</pilot_name>
		<sound_name/>
		<DialogAnswer name="ans100">
			<answer>#L_D2_ans00</answer>
			<lua_function/>
			<go_message_name>msg110</go_message_name>
			<multi_pass>true</multi_pass>
			<sound_name/>
		</DialogAnswer>
	</DialogMessage>
	<DialogMessage name="msg110">
		<message>#L_D2_msg110</message>
		<pilot_name>Traf</pilot_name>
		<sound_name/>
		<DialogAnswer name="ans110">
			<answer>#L_D2_ans00</answer>
			<lua_function/>
			<go_message_name>msg120</go_message_name>
			<multi_pass>true</multi_pass>
			<sound_name/>
		</DialogAnswer>
	</DialogMessage>
	<DialogMessage name="msg120">
		<message>#L_D2_msg120</message>
		<pilot_name>Ace</pilot_name>
		<sound_name/>
		<DialogAnswer name="ans120">
			<answer>#L_D2_ans00</answer>
			<lua_function/>
			<go_message_name>msg130</go_message_name>
			<multi_pass>true</multi_pass>
			<sound_name/>
		</DialogAnswer>
	</DialogMessage>
	<DialogMessage name="msg130">
		<message>#L_D2_msg130</message>
		<pilot_name>Traf</pilot_name>
		<sound_name/>
		<DialogAnswer name="ans130">
			<answer>#L_D2_ans00</answer>
			<lua_function/>
			<go_message_name>msg140</go_message_name>
			<multi_pass>true</multi_pass>
			<sound_name/>
		</DialogAnswer>
	</DialogMessage>
	<DialogMessage name="msg140">
		<message>#L_D2_msg140</message>
		<pilot_name>Ace</pilot_name>
		<sound_name/>
		<DialogAnswer name="ans140">
			<answer>#L_D2_ans00</answer>
			<lua_function/>
			<go_message_name>msg150</go_message_name>
			<multi_pass>true</multi_pass>
			<sound_name/>
		</DialogAnswer>
	</DialogMessage>
	<DialogMessage name="msg150">
		<message>#L_D2_msg150</message>
		<pilot_name>Traf</pilot_name>
		<sound_name/>
		<DialogAnswer name="ans150">
			<answer>#L_D2_ans00</answer>
			<lua_function/>
			<go_message_name>msg160</go_message_name>
			<multi_pass>true</multi_pass>
			<sound_name/>
		</DialogAnswer>
	</DialogMessage>
	<DialogMessage name="msg160">
		<message>#L_D2_msg160</message>
		<pilot_name>Phantom</pilot_name>
		<sound_name/>
		<DialogAnswer name="ans160">
			<answer>#L_D2_ans00</answer>
			<lua_function/>
			<go_message_name>msg170</go_message_name>
			<multi_pass>true</multi_pass>
			<sound_name/>
		</DialogAnswer>
	</DialogMessage>
	<DialogMessage name="msg170">
		<message>#L_D2_msg170</message>
		<pilot_name>Traf</pilot_name>
		<sound_name/>
		<DialogAnswer name="ans170">
			<answer>#L_D2_ans170</answer>
			<lua_function/>
			<go_message_name>msg180</go_message_name>
			<multi_pass>true</multi_pass>
			<sound_name/>
		</DialogAnswer>
	</DialogMessage>
	<DialogMessage name="msg180">
		<message>#L_D2_msg180</message>
		<pilot_name>Traf</pilot_name>
		<sound_name/>
		<DialogAnswer name="ans180">
			<answer>#L_D2_ans00</answer>
			<lua_function/>
			<go_message_name>msg190</go_message_name>
			<multi_pass>true</multi_pass>
			<sound_name/>
		</DialogAnswer>
	</DialogMessage>
	<DialogMessage name="msg190">
		<message>#L_D2_msg190</message>
		<pilot_name>Ace</pilot_name>
		<sound_name/>
		<DialogAnswer name="ans190">
			<answer>#L_D2_ans00</answer>
			<lua_function/>
			<go_message_name>msg200</go_message_name>
			<multi_pass>true</multi_pass>
			<sound_name/>
		</DialogAnswer>
	</DialogMessage>
	<DialogMessage name="msg200">
		<message>#L_D2_msg200</message>
		<pilot_name>Traf</pilot_name>
		<sound_name/>
		<DialogAnswer name="ans200">
			<answer>#L_D2_ans200</answer>
			<lua_function/>
			<go_message_name>msg210</go_message_name>
			<multi_pass>true</multi_pass>
			<sound_name/>
		</DialogAnswer>
	</DialogMessage>
	<DialogMessage name="msg210">
		<message>#L_D2_msg210</message>
		<pilot_name>Ace</pilot_name>
		<sound_name/>
		<DialogAnswer name="ans210">
			<answer>#L_D2_ans00</answer>
			<lua_function/>
			<go_message_name>msg220</go_message_name>
			<multi_pass>true</multi_pass>
			<sound_name/>
		</DialogAnswer>
	</DialogMessage>
	<DialogMessage name="msg220">
		<message>#L_D2_msg220</message>
		<pilot_name>Traf</pilot_name>
		<sound_name/>
		<DialogAnswer name="ans220">
			<answer>#L_D2_ans220</answer>
			<lua_function>SaveKK</lua_function>
			<go_message_name/>
			<multi_pass>true</multi_pass>
			<sound_name/>
		</DialogAnswer>
	</DialogMessage>
</Dialog>
