<?xml version="1.0" encoding="UTF-8"?>
<Dialog xmlns:xsi="http://www.w3.org/2001/XMLSchema-instance" xsi:noNamespaceSchemaLocation="..\..\XMLSchema\Dialogs.xsd">
	<start_message_name>msg00</start_message_name>
	<DialogMessage name="msg00">
		<message>#L_D4_msg00</message>
		<pilot_name>Viper</pilot_name>
		<sound_name/>
		<DialogAnswer name="ans00">
			<answer>#L_D4_ans01</answer>
			<lua_function/>
			<go_message_name>msg10</go_message_name>
			<multi_pass>true</multi_pass>
			<sound_name/>
		</DialogAnswer>
	</DialogMessage>
	<DialogMessage name="msg10">
		<message>#L_D4_msg10</message>
		<pilot_name>Viper</pilot_name>
		<sound_name/>
		<DialogAnswer name="ans11">
			<answer>#L_D4_ans11</answer>
			<lua_function/>
			<go_message_name>msg21</go_message_name>
			<multi_pass>true</multi_pass>
			<sound_name/>
		</DialogAnswer>
		<DialogAnswer name="ans12">
			<answer>#L_D4_ans12</answer>
			<lua_function/>
			<go_message_name>msg22</go_message_name>
			<multi_pass>true</multi_pass>
			<sound_name/>
		</DialogAnswer>
	</DialogMessage>
	<DialogMessage name="msg21">
		<message>#L_D4_msg21</message>
		<pilot_name>Viper</pilot_name>
		<sound_name/>
		<DialogAnswer name="ans21">
			<answer>#L_D4_ans00</answer>
			<lua_function>Fin_1</lua_function>
			<go_message_name/>
			<multi_pass>true</multi_pass>
			<sound_name/>
		</DialogAnswer>
	</DialogMessage>
	<DialogMessage name="msg22">
		<message>#L_D4_msg22</message>
		<pilot_name>Ace</pilot_name>
		<sound_name/>
		<DialogAnswer name="ans22">
			<answer>#L_D4_ans00</answer>
			<lua_function/>
			<go_message_name>msg32</go_message_name>
			<multi_pass>true</multi_pass>
			<sound_name/>
		</DialogAnswer>
	</DialogMessage>
	<DialogMessage name="msg32">
		<message>#L_D4_msg32</message>
		<pilot_name>Viper</pilot_name>
		<sound_name/>
		<DialogAnswer name="ans32">
			<answer>#L_D4_ans00</answer>
			<lua_function>Fin_2</lua_function>
			<go_message_name/>
			<multi_pass>true</multi_pass>
			<sound_name/>
		</DialogAnswer>
	</DialogMessage>
</Dialog>
