<?xml version="1.0" encoding="UTF-8"?>
<Dialog xmlns:xsi="http://www.w3.org/2001/XMLSchema-instance" xsi:noNamespaceSchemaLocation="..\..\XMLSchema\Dialogs.xsd">
	<start_message_name>msg00</start_message_name>
	<DialogMessage name="msg00">
		<message>#L_D6_msg00</message>
		<pilot_name>LlanowarRebel</pilot_name>
		<sound_name/>
		<DialogAnswer name="ans00">
			<answer>#L_D6_ans00</answer>
			<lua_function/>
			<go_message_name>msg10</go_message_name>
			<multi_pass>true</multi_pass>
			<sound_name/>
		</DialogAnswer>
	</DialogMessage>
	<DialogMessage name="msg10">
		<message>#L_D6_msg10</message>
		<pilot_name>OldAdmiral</pilot_name>
		<sound_name/>
		<DialogAnswer name="ans10">
			<answer>#L_D6_ans00</answer>
			<lua_function/>
			<go_message_name>msg20</go_message_name>
			<multi_pass>true</multi_pass>
			<sound_name/>
		</DialogAnswer>
	</DialogMessage>
	<DialogMessage name="msg20">
		<message>#L_D6_msg20</message>
		<pilot_name>LlanowarRebel</pilot_name>
		<sound_name/>
		<DialogAnswer name="ans20">
			<answer>#L_D6_ans00</answer>
			<lua_function/>
			<go_message_name>msg30</go_message_name>
			<multi_pass>true</multi_pass>
			<sound_name/>
		</DialogAnswer>
	</DialogMessage>
	<DialogMessage name="msg30">
		<message>#L_D6_msg30</message>
		<pilot_name>Astra</pilot_name>
		<sound_name/>
		<DialogAnswer name="ans30">
			<answer>#L_D6_ans00</answer>
			<lua_function/>
			<go_message_name>msg40</go_message_name>
			<multi_pass>true</multi_pass>
			<sound_name/>
		</DialogAnswer>
	</DialogMessage>
	<DialogMessage name="msg40">
		<message>#L_D6_msg40</message>
		<pilot_name>OldAdmiral</pilot_name>
		<sound_name/>
		<DialogAnswer name="ans40">
			<answer>#L_D6_ans00</answer>
			<lua_function/>
			<go_message_name>msg50</go_message_name>
			<multi_pass>true</multi_pass>
			<sound_name/>
		</DialogAnswer>
	</DialogMessage>
	<DialogMessage name="msg50">
		<message>#L_D6_msg50</message>
		<pilot_name>Ace</pilot_name>
		<sound_name/>
		<DialogAnswer name="ans50">
			<answer>#L_D6_ans00</answer>
			<lua_function/>
			<go_message_name>msg60</go_message_name>
			<multi_pass>true</multi_pass>
			<sound_name/>
		</DialogAnswer>
	</DialogMessage>
	<DialogMessage name="msg60">
		<message>#L_D6_msg60</message>
		<pilot_name>OldAdmiral</pilot_name>
		<sound_name/>
		<DialogAnswer name="ans60">
			<answer>#L_D6_ans00</answer>
			<lua_function/>
			<go_message_name>msg70</go_message_name>
			<multi_pass>true</multi_pass>
			<sound_name/>
		</DialogAnswer>
	</DialogMessage>
	<DialogMessage name="msg70">
		<message>#L_D6_msg70</message>
		<pilot_name>Hero</pilot_name>
		<sound_name/>
		<DialogAnswer name="ans70">
			<answer>#L_D6_ans00</answer>
			<lua_function/>
			<go_message_name>msg80</go_message_name>
			<multi_pass>true</multi_pass>
			<sound_name/>
		</DialogAnswer>
	</DialogMessage>
	<DialogMessage name="msg80">
		<message>#L_D6_msg80</message>
		<pilot_name>OldAdmiral</pilot_name>
		<sound_name/>
		<DialogAnswer name="ans80">
			<answer>#L_D6_ans00</answer>
			<lua_function>Fin_3</lua_function>
			<go_message_name/>
			<multi_pass>true</multi_pass>
			<sound_name/>
		</DialogAnswer>
	</DialogMessage>
</Dialog>
