<?xml version="1.0" encoding="UTF-8"?>
<Dialog xmlns:xsi="http://www.w3.org/2001/XMLSchema-instance" xsi:noNamespaceSchemaLocation="..\..\XMLSchema\Dialogs.xsd">
	<start_message_name>msg00</start_message_name>
	<DialogMessage name="msg00">
		<message>#L_D1_msg00</message>
		<pilot_name>OldAdmiral</pilot_name>
		<sound_name/>
		<DialogAnswer name="ans01">
			<answer>#L_D1_ans00</answer>
			<lua_function/>
			<go_message_name>msg10</go_message_name>
			<multi_pass>true</multi_pass>
			<sound_name/>
		</DialogAnswer>
	</DialogMessage>
	<DialogMessage name="msg10">
		<message>#L_D1_msg10</message>
		<pilot_name>Hero</pilot_name>
		<sound_name/>
		<DialogAnswer name="ans11">
			<answer>#L_D1_ans00</answer>
			<lua_function/>
			<go_message_name>msg20</go_message_name>
			<multi_pass>true</multi_pass>
			<sound_name/>
		</DialogAnswer>
	</DialogMessage>
	<DialogMessage name="msg20">
		<message>#L_D1_msg20</message>
		<pilot_name>OldAdmiral</pilot_name>
		<sound_name/>
		<DialogAnswer name="ans21">
			<answer>#L_D1_ans00</answer>
			<lua_function/>
			<go_message_name>msg30</go_message_name>
			<multi_pass>true</multi_pass>
			<sound_name/>
		</DialogAnswer>
	</DialogMessage>
	<DialogMessage name="msg30">
		<message>#L_D1_msg30</message>
		<pilot_name>Hero</pilot_name>
		<sound_name/>
		<DialogAnswer name="ans31">
			<answer>#L_D1_ans00</answer>
			<lua_function/>
			<go_message_name>msg40</go_message_name>
			<multi_pass>true</multi_pass>
			<sound_name/>
		</DialogAnswer>
	</DialogMessage>
	<DialogMessage name="msg40">
		<message>#L_D1_msg40</message>
		<pilot_name>OldAdmiral</pilot_name>
		<sound_name/>
		<DialogAnswer name="ans41">
			<answer>#L_D1_ans00</answer>
			<lua_function/>
			<go_message_name>msg50</go_message_name>
			<multi_pass>true</multi_pass>
			<sound_name/>
		</DialogAnswer>
	</DialogMessage>
	<DialogMessage name="msg50">
		<message>#L_D1_msg50</message>
		<pilot_name>Ace</pilot_name>
		<sound_name/>
		<DialogAnswer name="ans51">
			<answer>#L_D1_ans00</answer>
			<lua_function/>
			<go_message_name>msg60</go_message_name>
			<multi_pass>true</multi_pass>
			<sound_name/>
		</DialogAnswer>
	</DialogMessage>
	<DialogMessage name="msg60">
		<message>#L_D1_msg60</message>
		<pilot_name>OldAdmiral</pilot_name>
		<sound_name/>
		<DialogAnswer name="ans61">
			<answer>#L_D1_ans00</answer>
			<lua_function/>
			<go_message_name>msg70</go_message_name>
			<multi_pass>true</multi_pass>
			<sound_name/>
		</DialogAnswer>
	</DialogMessage>
	<DialogMessage name="msg70">
		<message>#L_D1_msg70</message>
		<pilot_name>Hero</pilot_name>
		<sound_name/>
		<DialogAnswer name="ans71">
			<answer>#L_D1_ans00</answer>
			<lua_function/>
			<go_message_name>msg80</go_message_name>
			<multi_pass>true</multi_pass>
			<sound_name/>
		</DialogAnswer>
	</DialogMessage>
	<DialogMessage name="msg80">
		<message>#L_D1_msg80</message>
		<pilot_name>OldAdmiral</pilot_name>
		<sound_name/>
		<DialogAnswer name="ans81">
			<answer>#L_D1_ans00</answer>
			<lua_function/>
			<go_message_name>msg90</go_message_name>
			<multi_pass>true</multi_pass>
			<sound_name/>
		</DialogAnswer>
	</DialogMessage>
	<DialogMessage name="msg90">
		<message>#L_D1_msg90</message>
		<pilot_name>Hero</pilot_name>
		<sound_name/>
		<DialogAnswer name="ans91">
			<answer>#L_D1_ans00</answer>
			<lua_function/>
			<go_message_name>msg100</go_message_name>
			<multi_pass>true</multi_pass>
			<sound_name/>
		</DialogAnswer>
	</DialogMessage>
	<DialogMessage name="msg100">
		<message>#L_D1_msg100</message>
		<pilot_name>OldAdmiral</pilot_name>
		<sound_name/>
		<DialogAnswer name="ans101">
			<answer>#L_D1_ans00</answer>
			<lua_function/>
			<go_message_name>msg110</go_message_name>
			<multi_pass>true</multi_pass>
			<sound_name/>
		</DialogAnswer>
	</DialogMessage>
	<DialogMessage name="msg110">
		<message>#L_D1_msg110</message>
		<pilot_name>Ace</pilot_name>
		<sound_name/>
		<DialogAnswer name="ans111">
			<answer>#L_D1_ans00</answer>
			<lua_function/>
			<go_message_name>msg120</go_message_name>
			<multi_pass>true</multi_pass>
			<sound_name/>
		</DialogAnswer>
	</DialogMessage>
	<DialogMessage name="msg120">
		<message>#L_D1_msg120</message>
		<pilot_name>OldAdmiral</pilot_name>
		<sound_name/>
		<DialogAnswer name="ans121">
			<answer>#L_D1_ans00</answer>
			<lua_function/>
			<go_message_name>msg130</go_message_name>
			<multi_pass>true</multi_pass>
			<sound_name/>
		</DialogAnswer>
	</DialogMessage>
	<DialogMessage name="msg130">
		<message>#L_D1_msg130</message>
		<pilot_name>Hero</pilot_name>
		<sound_name/>
		<DialogAnswer name="ans131">
			<answer>#L_D1_ans00</answer>
			<lua_function/>
			<go_message_name>msg140</go_message_name>
			<multi_pass>true</multi_pass>
			<sound_name/>
		</DialogAnswer>
	</DialogMessage>
	<DialogMessage name="msg140">
		<message>#L_D1_msg140</message>
		<pilot_name>OldAdmiral</pilot_name>
		<sound_name/>
		<DialogAnswer name="ans141">
			<answer>#L_D1_ans00</answer>
			<lua_function/>
			<go_message_name>msg150</go_message_name>
			<multi_pass>true</multi_pass>
			<sound_name/>
		</DialogAnswer>
	</DialogMessage>
	<DialogMessage name="msg150">
		<message>#L_D1_msg150</message>
		<pilot_name>Ace</pilot_name>
		<sound_name/>
		<DialogAnswer name="ans151">
			<answer>#L_D1_ans00</answer>
			<lua_function/>
			<go_message_name>msg160</go_message_name>
			<multi_pass>true</multi_pass>
			<sound_name/>
		</DialogAnswer>
	</DialogMessage>
	<DialogMessage name="msg160">
		<message>#L_D1_msg160</message>
		<pilot_name>OldAdmiral</pilot_name>
		<sound_name/>
		<DialogAnswer name="ans161">
			<answer>#L_D1_ans00</answer>
			<lua_function/>
			<go_message_name>msg170</go_message_name>
			<multi_pass>true</multi_pass>
			<sound_name/>
		</DialogAnswer>
	</DialogMessage>
	<DialogMessage name="msg170">
		<message>#L_D1_msg170</message>
		<pilot_name>Astra</pilot_name>
		<sound_name/>
		<DialogAnswer name="ans171">
			<answer>#L_D1_ans00</answer>
			<lua_function/>
			<go_message_name>msg180</go_message_name>
			<multi_pass>true</multi_pass>
			<sound_name/>
		</DialogAnswer>
	</DialogMessage>
	<DialogMessage name="msg180">
		<message>#L_D1_msg180</message>
		<pilot_name>Ace</pilot_name>
		<sound_name/>
		<DialogAnswer name="ans181">
			<answer>#L_D1_ans00</answer>
			<lua_function/>
			<go_message_name>msg190</go_message_name>
			<multi_pass>true</multi_pass>
			<sound_name/>
		</DialogAnswer>
	</DialogMessage>
	<DialogMessage name="msg190">
		<message>#L_D1_msg190</message>
		<pilot_name>OldAdmiral</pilot_name>
		<sound_name/>
		<DialogAnswer name="ans191">
			<answer>#L_D1_ans00</answer>
			<lua_function/>
			<go_message_name>msg200</go_message_name>
			<multi_pass>true</multi_pass>
			<sound_name/>
		</DialogAnswer>
	</DialogMessage>
	<DialogMessage name="msg200">
		<message>#L_D1_msg200</message>
		<pilot_name>Hero</pilot_name>
		<sound_name/>
		<DialogAnswer name="ans201">
			<answer>#L_D1_ans00</answer>
			<lua_function/>
			<go_message_name>msg210</go_message_name>
			<multi_pass>true</multi_pass>
			<sound_name/>
		</DialogAnswer>
	</DialogMessage>
	<DialogMessage name="msg210">
		<message>#L_D1_msg210</message>
		<pilot_name>OldAdmiral</pilot_name>
		<sound_name/>
		<DialogAnswer name="ans211">
			<answer>#L_D1_ans00</answer>
			<lua_function/>
			<go_message_name>msg220</go_message_name>
			<multi_pass>true</multi_pass>
			<sound_name/>
		</DialogAnswer>
	</DialogMessage>
	<DialogMessage name="msg220">
		<message>#L_D1_msg220</message>
		<pilot_name>Ace</pilot_name>
		<sound_name/>
		<DialogAnswer name="ans221">
			<answer>#L_D1_ans00</answer>
			<lua_function/>
			<go_message_name>msg230</go_message_name>
			<multi_pass>true</multi_pass>
			<sound_name/>
		</DialogAnswer>
	</DialogMessage>
	<DialogMessage name="msg230">
		<message>#L_D1_msg230</message>
		<pilot_name>Hero</pilot_name>
		<sound_name/>
		<DialogAnswer name="ans231">
			<answer>#L_D1_ans00</answer>
			<lua_function/>
			<go_message_name>msg240</go_message_name>
			<multi_pass>true</multi_pass>
			<sound_name/>
		</DialogAnswer>
	</DialogMessage>
	<DialogMessage name="msg240">
		<message>#L_D1_msg240</message>
		<pilot_name>OldAdmiral</pilot_name>
		<sound_name/>
		<DialogAnswer name="ans241">
			<answer>#L_D1_ans00</answer>
			<lua_function/>
			<go_message_name>msg250</go_message_name>
			<multi_pass>true</multi_pass>
			<sound_name/>
		</DialogAnswer>
	</DialogMessage>
	<DialogMessage name="msg250">
		<message>#L_D1_msg250</message>
		<pilot_name>Ace</pilot_name>
		<sound_name/>
		<DialogAnswer name="ans251">
			<answer>#L_D1_ans00</answer>
			<lua_function/>
			<go_message_name>msg260</go_message_name>
			<multi_pass>true</multi_pass>
			<sound_name/>
		</DialogAnswer>
	</DialogMessage>
	<DialogMessage name="msg260">
		<message>#L_D1_msg260</message>
		<pilot_name>OldAdmiral</pilot_name>
		<sound_name/>
		<DialogAnswer name="ans261">
			<answer>#L_D1_ans00</answer>
			<lua_function/>
			<go_message_name>msg270</go_message_name>
			<multi_pass>true</multi_pass>
			<sound_name/>
		</DialogAnswer>
	</DialogMessage>
	<DialogMessage name="msg270">
		<message>#L_D1_msg270</message>
		<pilot_name>Hero</pilot_name>
		<sound_name/>
		<DialogAnswer name="ans271">
			<answer>#L_D1_ans00</answer>
			<lua_function/>
			<go_message_name>msg280</go_message_name>
			<multi_pass>true</multi_pass>
			<sound_name/>
		</DialogAnswer>
	</DialogMessage>
	<DialogMessage name="msg280">
		<message>#L_D1_msg280</message>
		<pilot_name>OldAdmiral</pilot_name>
		<sound_name/>
		<DialogAnswer name="ans281">
			<answer>#L_D1_ans10</answer>
			<lua_function>Escort_linkor</lua_function>
			<go_message_name/>
			<multi_pass>true</multi_pass>
			<sound_name/>
		</DialogAnswer>
	</DialogMessage>
</Dialog>
