<?xml version="1.0" encoding="UTF-8"?>
<Dialog xmlns:xsi="http://www.w3.org/2001/XMLSchema-instance" xsi:noNamespaceSchemaLocation="..\..\XMLSchema\Dialogs.xsd">
	<start_message_name>msg00</start_message_name>
	<DialogMessage name="msg00">
		<message>#L_O_msg00</message>
		<pilot_name>Ace</pilot_name>
		<sound_name/>
		<DialogAnswer name="ans00">
			<answer>#L_O_ans00</answer>
			<lua_function/>
			<go_message_name>msg10</go_message_name>
			<multi_pass>true</multi_pass>
			<sound_name/>
		</DialogAnswer>
	</DialogMessage>
	<DialogMessage name="msg10">
		<message>#L_O_msg10</message>
		<pilot_name>AlienBoss</pilot_name>
		<sound_name/>
		<DialogAnswer name="ans10">
			<answer>#L_O_ans00</answer>
			<lua_function/>
			<go_message_name>msg20</go_message_name>
			<multi_pass>true</multi_pass>
			<sound_name/>
		</DialogAnswer>
	</DialogMessage>
	<DialogMessage name="msg20">
		<message>#L_O_msg20</message>
		<pilot_name>TriadaAgent</pilot_name>
		<sound_name/>
		<DialogAnswer name="ans20">
			<answer>#L_O_ans00</answer>
			<lua_function>Hack_5</lua_function>
			<go_message_name/>
			<multi_pass>true</multi_pass>
			<sound_name/>
		</DialogAnswer>
	</DialogMessage>
</Dialog>
