<?xml version="1.0" encoding="UTF-8"?>
<Dialog xmlns:xsi="http://www.w3.org/2001/XMLSchema-instance" xsi:noNamespaceSchemaLocation="..\..\XMLSchema\Dialogs.xsd">
	<start_message_name>msg00</start_message_name>
	<DialogMessage name="msg00">
		<message>#L_D2_msg00</message>
		<pilot_name>Phantom</pilot_name>
		<sound_name/>
		<DialogAnswer name="ans00">
			<answer>#L_D2_ans00</answer>
			<lua_function/>
			<go_message_name>msg10</go_message_name>
			<multi_pass>true</multi_pass>
			<sound_name/>
		</DialogAnswer>
	</DialogMessage>
	<DialogMessage name="msg10">
		<message>#L_D2_msg10</message>
		<pilot_name>Vincent</pilot_name>
		<sound_name/>
		<DialogAnswer name="ans10">
			<answer>#L_D2_ans00</answer>
			<lua_function/>
			<go_message_name>msg20</go_message_name>
			<multi_pass>true</multi_pass>
			<sound_name/>
		</DialogAnswer>
	</DialogMessage>
	<DialogMessage name="msg20">
		<message>#L_D2_msg20</message>
		<pilot_name>Phantom</pilot_name>
		<sound_name/>
		<DialogAnswer name="ans20">
			<answer>#L_D2_ans00</answer>
			<lua_function/>
			<go_message_name>msg30</go_message_name>
			<multi_pass>true</multi_pass>
			<sound_name/>
		</DialogAnswer>
	</DialogMessage>
	<DialogMessage name="msg30">
		<message>#L_D2_msg30</message>
		<pilot_name>Vincent</pilot_name>
		<sound_name/>
		<DialogAnswer name="ans30">
			<answer>#L_D2_ans00</answer>
			<lua_function/>
			<go_message_name>msg40</go_message_name>
			<multi_pass>true</multi_pass>
			<sound_name/>
		</DialogAnswer>
	</DialogMessage>
	<DialogMessage name="msg40">
		<message>#L_D2_msg40</message>
		<pilot_name>Phantom</pilot_name>
		<sound_name/>
		<DialogAnswer name="ans40">
			<answer>#L_D2_ans00</answer>
			<lua_function/>
			<go_message_name>msg50</go_message_name>
			<multi_pass>true</multi_pass>
			<sound_name/>
		</DialogAnswer>
	</DialogMessage>
	<DialogMessage name="msg50">
		<message>#L_D2_msg50</message>
		<pilot_name>Vincent</pilot_name>
		<sound_name/>
		<DialogAnswer name="ans50">
			<answer>#L_D2_ans00</answer>
			<lua_function/>
			<go_message_name>msg60</go_message_name>
			<multi_pass>true</multi_pass>
			<sound_name/>
		</DialogAnswer>
	</DialogMessage>
	<DialogMessage name="msg60">
		<message>#L_D2_msg60</message>
		<pilot_name>Phantom</pilot_name>
		<sound_name/>
		<DialogAnswer name="ans60">
			<answer>#L_D2_ans00</answer>
			<lua_function/>
			<go_message_name>msg70</go_message_name>
			<multi_pass>true</multi_pass>
			<sound_name/>
		</DialogAnswer>
	</DialogMessage>
	<DialogMessage name="msg70">
		<message>#L_D2_msg70</message>
		<pilot_name>Vincent</pilot_name>
		<sound_name/>
		<DialogAnswer name="ans70">
			<answer>#L_D2_ans00</answer>
			<lua_function/>
			<go_message_name>msg80</go_message_name>
			<multi_pass>true</multi_pass>
			<sound_name/>
		</DialogAnswer>
	</DialogMessage>
	<DialogMessage name="msg80">
		<message>#L_D2_msg80</message>
		<pilot_name>Phantom</pilot_name>
		<sound_name/>
		<DialogAnswer name="ans80">
			<answer>#L_D2_ans00</answer>
			<lua_function/>
			<go_message_name>msg90</go_message_name>
			<multi_pass>true</multi_pass>
			<sound_name/>
		</DialogAnswer>
	</DialogMessage>
	<DialogMessage name="msg90">
		<message>#L_D2_msg90</message>
		<pilot_name>Vincent</pilot_name>
		<sound_name/>
		<DialogAnswer name="ans90">
			<answer>#L_D2_ans00</answer>
			<lua_function/>
			<go_message_name>msg100</go_message_name>
			<multi_pass>true</multi_pass>
			<sound_name/>
		</DialogAnswer>
	</DialogMessage>
	<DialogMessage name="msg100">
		<message>#L_D2_msg100</message>
		<pilot_name>Phantom</pilot_name>
		<sound_name/>
		<DialogAnswer name="ans100">
			<answer>#L_D2_ans00</answer>
			<lua_function/>
			<go_message_name>msg110</go_message_name>
			<multi_pass>true</multi_pass>
			<sound_name/>
		</DialogAnswer>
	</DialogMessage>
	<DialogMessage name="msg110">
		<message>#L_D2_msg110</message>
		<pilot_name>Astra</pilot_name>
		<sound_name/>
		<DialogAnswer name="ans110">
			<answer>#L_D2_ans00</answer>
			<lua_function/>
			<go_message_name>msg120</go_message_name>
			<multi_pass>true</multi_pass>
			<sound_name/>
		</DialogAnswer>
	</DialogMessage>
	<DialogMessage name="msg120">
		<message>#L_D2_msg120</message>
		<pilot_name>Ace</pilot_name>
		<sound_name/>
		<DialogAnswer name="ans120">
			<answer>#L_D2_ans00</answer>
			<lua_function/>
			<go_message_name>msg130</go_message_name>
			<multi_pass>true</multi_pass>
			<sound_name/>
		</DialogAnswer>
	</DialogMessage>
	<DialogMessage name="msg130">
		<message>#L_D2_msg130</message>
		<pilot_name>Astra</pilot_name>
		<sound_name/>
		<DialogAnswer name="ans130">
			<answer>#L_D2_ans00</answer>
			<lua_function/>
			<go_message_name>msg140</go_message_name>
			<multi_pass>true</multi_pass>
			<sound_name/>
		</DialogAnswer>
	</DialogMessage>
	<DialogMessage name="msg140">
		<message>#L_D2_msg140</message>
		<pilot_name>Phantom</pilot_name>
		<sound_name/>
		<DialogAnswer name="ans140">
			<answer>#L_D2_ans00</answer>
			<lua_function/>
			<go_message_name>msg150</go_message_name>
			<multi_pass>true</multi_pass>
			<sound_name/>
		</DialogAnswer>
	</DialogMessage>
	<DialogMessage name="msg150">
		<message>#L_D2_msg150</message>
		<pilot_name>Ace</pilot_name>
		<sound_name/>
		<DialogAnswer name="ans150">
			<answer>#L_D2_ans00</answer>
			<lua_function/>
			<go_message_name>msg160</go_message_name>
			<multi_pass>true</multi_pass>
			<sound_name/>
		</DialogAnswer>
	</DialogMessage>
	<DialogMessage name="msg160">
		<message>#L_D2_msg160</message>
		<pilot_name>Astra</pilot_name>
		<sound_name/>
		<DialogAnswer name="ans160">
			<answer>#L_D2_ans00</answer>
			<lua_function/>
			<go_message_name>msg170</go_message_name>
			<multi_pass>true</multi_pass>
			<sound_name/>
		</DialogAnswer>
	</DialogMessage>
	<DialogMessage name="msg170">
		<message>#L_D2_msg170</message>
		<pilot_name>Ace</pilot_name>
		<sound_name/>
		<DialogAnswer name="ans171">
			<answer>#L_D2_ans171</answer>
			<lua_function>To_Astra</lua_function>
			<go_message_name/>
			<multi_pass>true</multi_pass>
			<sound_name/>
		</DialogAnswer>
		<DialogAnswer name="ans172">
			<answer>#L_D2_ans172</answer>
			<lua_function>To_Hero</lua_function>
			<go_message_name/>
			<multi_pass>true</multi_pass>
			<sound_name/>
		</DialogAnswer>
	</DialogMessage>
</Dialog>
