<?xml version="1.0" encoding="UTF-8"?>
<MissionTree xmlns:xsi="http://www.w3.org/2001/XMLSchema-instance" xsi:noNamespaceSchemaLocation="..\XMLSchema\MisssionTree.xsd">
	<starting_news>
		<StartNewsAdd>
			<name>news_4_10</name>
		</StartNewsAdd>
	</starting_news>
	<MissionDescription name="level_5_02">
		<mission_path>level_5_02</mission_path>
		<short_name>#M_level_5_02_name</short_name>
		<short_description>#M_level_5_02_short_desc</short_description>
		<description>#M_level_5_02_desc</description>
		<mission_icon>5_02</mission_icon>
		<splash_screen>level_00</splash_screen>
		<starting_movie/>
		<min_required/>
		<mission_cost>100000</mission_cost>
		<next_mission/>
		<mission_level>13</mission_level>
		<next_episode/>
		<StartNewsAdd>
			<name>news_5_02</name>
		</StartNewsAdd>
		<StartNewsAdd>
			<name>news_5_06</name>
		</StartNewsAdd>
		<StartNewsAdd>
			<name>news_5_01</name>
		</StartNewsAdd>
		<StartNewsAdd>
			<name>news_5_24</name>
		</StartNewsAdd>
		<StartNewsAdd>
			<name>news_5_23</name>
		</StartNewsAdd>
		<StartNewsAdd>
			<name>news_5_22</name>
		</StartNewsAdd>
		<ExitNewsRemove>
			<exit_code>MISSION_COMPLETED</exit_code>
			<name>news_5_01</name>
		</ExitNewsRemove>
		<ExitNewsRemove>
			<exit_code>MISSION_COMPLETED</exit_code>
			<name>news_5_06</name>
		</ExitNewsRemove>
		<ExitNewsRemove>
			<exit_code>MISSION_COMPLETED</exit_code>
			<name>news_5_02</name>
		</ExitNewsRemove>
		<ExitNewsRemove>
			<exit_code>MISSION_COMPLETED</exit_code>
			<name>news_4_10</name>
		</ExitNewsRemove>
		<ExitNewsRemove>
			<exit_code>MISSION_COMPLETED</exit_code>
			<name>news_4_01</name>
		</ExitNewsRemove>
		<ExitNewsRemove>
			<exit_code>MISSION_COMPLETED</exit_code>
			<name>news_5_22</name>
		</ExitNewsRemove>
		<ExitNewsRemove>
			<exit_code>MISSION_COMPLETED</exit_code>
			<name>news_5_23</name>
		</ExitNewsRemove>
		<ExitNewsRemove>
			<exit_code>MISSION_COMPLETED</exit_code>
			<name>news_5_24</name>
		</ExitNewsRemove>
	</MissionDescription>
	<MissionDescription name="level_5_03">
		<mission_path>level_5_03</mission_path>
		<short_name>#M_level_5_03_name</short_name>
		<short_description>#M_level_5_03_short_desc</short_description>
		<description>#M_level_5_03_desc</description>
		<mission_icon>5_03</mission_icon>
		<splash_screen>level_00</splash_screen>
		<starting_movie/>
		<min_required/>
		<mission_cost>100000</mission_cost>
		<next_mission>level_5_23</next_mission>
		<mission_level>14</mission_level>
		<next_episode/>
		<StartNewsAdd>
			<name>news_5_05</name>
		</StartNewsAdd>
		<StartNewsAdd>
			<name>news_5_03</name>
		</StartNewsAdd>
		<StartNewsAdd>
			<name>news_5_27</name>
		</StartNewsAdd>
		<StartNewsAdd>
			<name>news_5_26</name>
		</StartNewsAdd>
		<StartNewsAdd>
			<name>news_5_25</name>
		</StartNewsAdd>
		<ExitNewsRemove>
			<exit_code>MISSION_COMPLETED</exit_code>
			<name>news_5_03</name>
		</ExitNewsRemove>
		<ExitNewsRemove>
			<exit_code>MISSION_COMPLETED</exit_code>
			<name>news_5_05</name>
		</ExitNewsRemove>
		<ExitNewsRemove>
			<exit_code>MISSION_COMPLETED</exit_code>
			<name>news_5_25</name>
		</ExitNewsRemove>
		<ExitNewsRemove>
			<exit_code>MISSION_COMPLETED</exit_code>
			<name>news_5_26</name>
		</ExitNewsRemove>
		<ExitNewsRemove>
			<exit_code>MISSION_COMPLETED</exit_code>
			<name>news_5_27</name>
		</ExitNewsRemove>
		<ForbiddenMission>
			<mission_name>level_5_13</mission_name>
			<exit_code>MISSION_COMPLETED</exit_code>
		</ForbiddenMission>
		<RequiredMission>
			<mission_name>level_5_02</mission_name>
			<exit_code>MISSION_EXITCODE1</exit_code>
		</RequiredMission>
	</MissionDescription>
	<MissionDescription name="level_5_13">
		<mission_path>level_5_13</mission_path>
		<short_name>#M_level_5_03_name</short_name>
		<short_description>#M_level_5_03_short_desc</short_description>
		<description>#M_level_5_03_desc</description>
		<mission_icon>5_13</mission_icon>
		<splash_screen>level_00</splash_screen>
		<starting_movie/>
		<min_required/>
		<mission_cost>100000</mission_cost>
		<next_mission>level_5_23</next_mission>
		<mission_level>14</mission_level>
		<next_episode/>
		<StartNewsAdd>
			<name>news_5_05</name>
		</StartNewsAdd>
		<StartNewsAdd>
			<name>news_5_04</name>
		</StartNewsAdd>
		<StartNewsAdd>
			<name>news_5_27</name>
		</StartNewsAdd>
		<StartNewsAdd>
			<name>news_5_26</name>
		</StartNewsAdd>
		<StartNewsAdd>
			<name>news_5_25</name>
		</StartNewsAdd>
		<ExitNewsRemove>
			<exit_code>MISSION_COMPLETED</exit_code>
			<name>news_5_04</name>
		</ExitNewsRemove>
		<ExitNewsRemove>
			<exit_code>MISSION_COMPLETED</exit_code>
			<name>news_5_05</name>
		</ExitNewsRemove>
		<ExitNewsRemove>
			<exit_code>MISSION_COMPLETED</exit_code>
			<name>news_5_25</name>
		</ExitNewsRemove>
		<ExitNewsRemove>
			<exit_code>MISSION_COMPLETED</exit_code>
			<name>news_5_26</name>
		</ExitNewsRemove>
		<ExitNewsRemove>
			<exit_code>MISSION_COMPLETED</exit_code>
			<name>news_5_27</name>
		</ExitNewsRemove>
		<ForbiddenMission>
			<mission_name>level_5_03</mission_name>
			<exit_code>MISSION_COMPLETED</exit_code>
		</ForbiddenMission>
		<RequiredMission>
			<mission_name>level_5_02</mission_name>
			<exit_code>MISSION_EXITCODE2</exit_code>
		</RequiredMission>
	</MissionDescription>
	<MissionDescription name="level_5_23">
		<mission_path>level_5_23</mission_path>
		<short_name>#M_level_5_23_name</short_name>
		<short_description>#M_level_5_03_short_desc</short_description>
		<description>#M_level_5_03_desc</description>
		<mission_icon>5_23</mission_icon>
		<splash_screen>level_00</splash_screen>
		<starting_movie/>
		<min_required/>
		<mission_cost>100000</mission_cost>
		<next_mission/>
		<mission_level>14</mission_level>
		<next_episode/>
		<RequiredMission>
			<mission_name>level_5_03</mission_name>
			<exit_code>MISSION_EXITCODE1</exit_code>
		</RequiredMission>
		<RequiredMission>
			<mission_name>level_5_13</mission_name>
			<exit_code>MISSION_EXITCODE1</exit_code>
		</RequiredMission>
	</MissionDescription>
	<MissionDescription name="level_5_04">
		<mission_path>level_5_04</mission_path>
		<short_name>#M_level_5_04_name</short_name>
		<short_description>#M_level_5_04_short_desc</short_description>
		<description>#M_level_5_04_desc</description>
		<mission_icon>5_04</mission_icon>
		<splash_screen>level_00</splash_screen>
		<starting_movie/>
		<min_required/>
		<mission_cost>-1</mission_cost>
		<next_mission/>
		<mission_level>14</mission_level>
		<next_episode/>
		<StartNewsAdd>
			<name>news_5_07</name>
		</StartNewsAdd>
		<StartNewsAdd>
			<name>news_5_33</name>
		</StartNewsAdd>
		<StartNewsAdd>
			<name>news_5_32</name>
		</StartNewsAdd>
		<StartNewsAdd>
			<name>news_5_31</name>
		</StartNewsAdd>
		<StartNewsAdd>
			<name>news_5_30</name>
		</StartNewsAdd>
		<ExitNewsRemove>
			<exit_code>MISSION_COMPLETED</exit_code>
			<name>news_5_07</name>
		</ExitNewsRemove>
		<ExitNewsRemove>
			<exit_code>MISSION_COMPLETED</exit_code>
			<name>news_5_30</name>
		</ExitNewsRemove>
		<ExitNewsRemove>
			<exit_code>MISSION_COMPLETED</exit_code>
			<name>news_5_31</name>
		</ExitNewsRemove>
		<ExitNewsRemove>
			<exit_code>MISSION_COMPLETED</exit_code>
			<name>news_5_32</name>
		</ExitNewsRemove>
		<ExitNewsRemove>
			<exit_code>MISSION_COMPLETED</exit_code>
			<name>news_5_33</name>
		</ExitNewsRemove>
		<RequiredMission>
			<mission_name>level_5_23</mission_name>
			<exit_code>MISSION_COMPLETED</exit_code>
		</RequiredMission>
	</MissionDescription>
	<MissionDescription name="level_5_05">
		<mission_path>level_5_05</mission_path>
		<short_name>#M_level_5_05_name</short_name>
		<short_description>#M_level_5_05_short_desc</short_description>
		<description>#M_level_5_05_desc</description>
		<mission_icon>5_05</mission_icon>
		<splash_screen>level_00</splash_screen>
		<starting_movie/>
		<min_required/>
		<mission_cost>-1</mission_cost>
		<next_mission/>
		<mission_level>14</mission_level>
		<next_episode/>
		<StartNewsAdd>
			<name>news_5_11</name>
		</StartNewsAdd>
		<StartNewsAdd>
			<name>news_5_10</name>
		</StartNewsAdd>
		<StartNewsAdd>
			<name>news_5_09</name>
		</StartNewsAdd>
		<StartNewsAdd>
			<name>news_5_08</name>
		</StartNewsAdd>
		<StartNewsAdd>
			<name>news_5_35</name>
		</StartNewsAdd>
		<StartNewsAdd>
			<name>news_5_36</name>
		</StartNewsAdd>
		<StartNewsAdd>
			<name>news_5_34</name>
		</StartNewsAdd>
		<ExitNewsRemove>
			<exit_code>MISSION_COMPLETED</exit_code>
			<name>news_5_08</name>
		</ExitNewsRemove>
		<ExitNewsRemove>
			<exit_code>MISSION_COMPLETED</exit_code>
			<name>news_5_09</name>
		</ExitNewsRemove>
		<ExitNewsRemove>
			<exit_code>MISSION_COMPLETED</exit_code>
			<name>news_5_10</name>
		</ExitNewsRemove>
		<ExitNewsRemove>
			<exit_code>MISSION_COMPLETED</exit_code>
			<name>news_5_11</name>
		</ExitNewsRemove>
		<ExitNewsRemove>
			<exit_code>MISSION_COMPLETED</exit_code>
			<name>news_5_34</name>
		</ExitNewsRemove>
		<ExitNewsRemove>
			<exit_code>MISSION_COMPLETED</exit_code>
			<name>news_5_35</name>
		</ExitNewsRemove>
		<ExitNewsRemove>
			<exit_code>MISSION_COMPLETED</exit_code>
			<name>news_5_36</name>
		</ExitNewsRemove>
		<RequiredMission>
			<mission_name>level_5_04</mission_name>
			<exit_code>MISSION_COMPLETED</exit_code>
		</RequiredMission>
	</MissionDescription>
	<MissionDescription name="level_5_06">
		<mission_path>level_5_06</mission_path>
		<short_name>#M_level_5_06_name</short_name>
		<short_description>#M_level_5_06_short_desc</short_description>
		<description>#M_level_5_06_desc</description>
		<mission_icon>5_06</mission_icon>
		<splash_screen>level_00</splash_screen>
		<starting_movie/>
		<min_required/>
		<mission_cost>-1</mission_cost>
		<next_mission>level_5_16</next_mission>
		<mission_level>14</mission_level>
		<next_episode/>
		<StartNewsAdd>
			<name>news_5_13</name>
		</StartNewsAdd>
		<StartNewsAdd>
			<name>news_5_12</name>
		</StartNewsAdd>
		<StartNewsAdd>
			<name>news_5_39</name>
		</StartNewsAdd>
		<StartNewsAdd>
			<name>news_5_38</name>
		</StartNewsAdd>
		<StartNewsAdd>
			<name>news_5_37</name>
		</StartNewsAdd>
		<ExitNewsRemove>
			<exit_code>MISSION_COMPLETED</exit_code>
			<name>news_5_13</name>
		</ExitNewsRemove>
		<ExitNewsRemove>
			<exit_code>MISSION_COMPLETED</exit_code>
			<name>news_5_12</name>
		</ExitNewsRemove>
		<ExitNewsRemove>
			<exit_code>MISSION_COMPLETED</exit_code>
			<name>news_5_39</name>
		</ExitNewsRemove>
		<ExitNewsRemove>
			<exit_code>MISSION_COMPLETED</exit_code>
			<name>news_5_38</name>
		</ExitNewsRemove>
		<ExitNewsRemove>
			<exit_code>MISSION_COMPLETED</exit_code>
			<name>news_5_37</name>
		</ExitNewsRemove>
		<RequiredMission>
			<mission_name>level_5_05</mission_name>
			<exit_code>MISSION_EXITCODE2</exit_code>
		</RequiredMission>
	</MissionDescription>
	<MissionDescription name="level_5_16">
		<mission_path>level_5_16</mission_path>
		<short_name>#M_level_5_06_name</short_name>
		<short_description>#M_level_5_06_short_desc</short_description>
		<description>#M_level_5_06_desc</description>
		<mission_icon>5_16</mission_icon>
		<splash_screen>level_00</splash_screen>
		<starting_movie/>
		<min_required/>
		<mission_cost>-1</mission_cost>
		<next_mission>level_5_26</next_mission>
		<mission_level>14</mission_level>
		<next_episode/>
		<RequiredMission>
			<mission_name>level_5_06</mission_name>
			<exit_code>MISSION_EXITCODE2</exit_code>
		</RequiredMission>
	</MissionDescription>
	<MissionDescription name="level_5_26">
		<mission_path>level_5_26</mission_path>
		<short_name>#M_level_5_06_name</short_name>
		<short_description>#M_level_5_06_short_desc</short_description>
		<description>#M_level_5_06_desc</description>
		<mission_icon>5_26</mission_icon>
		<splash_screen>level_00</splash_screen>
		<starting_movie/>
		<min_required/>
		<mission_cost>-1</mission_cost>
		<next_mission/>
		<mission_level>14</mission_level>
		<next_episode>end_game</next_episode>
		<RequiredMission>
			<mission_name>level_5_16</mission_name>
			<exit_code>MISSION_EXITCODE2</exit_code>
		</RequiredMission>
	</MissionDescription>
</MissionTree>
