<?xml version="1.0" encoding="UTF-8"?>
<MissionTree xmlns:xsi="http://www.w3.org/2001/XMLSchema-instance" xsi:noNamespaceSchemaLocation="..\XMLSchema\MisssionTree.xsd">
	<starting_news>
		<StartNewsAdd>
			<name>news_3_15</name>
		</StartNewsAdd>
		<StartNewsAdd>
			<name>news_3_07</name>
		</StartNewsAdd>
	</starting_news>
	<MissionDescription name="level_3_14">
		<mission_path>level_3_14</mission_path>
		<short_name>#M_level_3_14_name</short_name>
		<short_description>#M_level_3_14_short_desc</short_description>
		<description>#M_level_3_14_desc</description>
		<mission_icon>3_14</mission_icon>
		<splash_screen>level_00</splash_screen>
		<starting_movie/>
		<min_required/>
		<mission_cost>50000</mission_cost>
		<next_mission/>
		<mission_level>12</mission_level>
		<next_episode/>
		<ExitNewsAdd>
			<exit_code>MISSION_COMPLETED</exit_code>
			<name>news_4_01</name>
		</ExitNewsAdd>
		<ExitNewsRemove>
			<exit_code>MISSION_COMPLETED</exit_code>
			<name>news_3_15</name>
		</ExitNewsRemove>
		<ExitNewsRemove>
			<exit_code>MISSION_COMPLETED</exit_code>
			<name>news_3_07</name>
		</ExitNewsRemove>
	</MissionDescription>
	<MissionDescription name="level_5_01">
		<mission_path>level_5_01</mission_path>
		<short_name>#M_level_5_01_name</short_name>
		<short_description>#M_level_5_01_short_desc</short_description>
		<description>#M_level_5_01_desc</description>
		<mission_icon>5_01</mission_icon>
		<splash_screen>level_00</splash_screen>
		<starting_movie/>
		<min_required/>
		<mission_cost>-1</mission_cost>
		<next_mission/>
		<mission_level>13</mission_level>
		<next_episode>Missions_5_ep.xml</next_episode>
		<StartNewsAdd>
			<name>news_5_21</name>
		</StartNewsAdd>
		<StartNewsAdd>
			<name>news_5_20</name>
		</StartNewsAdd>
		<StartNewsAdd>
			<name>news_4_10</name>
		</StartNewsAdd>
		<ExitNewsRemove>
			<exit_code>MISSION_COMPLETED</exit_code>
			<name>news_4_10</name>
		</ExitNewsRemove>
		<ExitNewsRemove>
			<exit_code>MISSION_COMPLETED</exit_code>
			<name>news_5_20</name>
		</ExitNewsRemove>
		<ExitNewsRemove>
			<exit_code>MISSION_COMPLETED</exit_code>
			<name>news_5_21</name>
		</ExitNewsRemove>
		<ForbiddenMission>
			<mission_name>level_4_01</mission_name>
			<exit_code>MISSION_COMPLETED</exit_code>
		</ForbiddenMission>
		<ForbiddenMission>
			<mission_name>level_4_04</mission_name>
			<exit_code>MISSION_COMPLETED</exit_code>
		</ForbiddenMission>
		<RequiredMission>
			<mission_name>level_3_14</mission_name>
			<exit_code>MISSION_EXITCODE3</exit_code>
		</RequiredMission>
	</MissionDescription>
	<MissionDescription name="level_4_01">
		<mission_path>level_4_01</mission_path>
		<short_name>#M_level_4_01_name</short_name>
		<short_description>#M_level_4_01_short_desc</short_description>
		<description>#M_level_4_01_desc</description>
		<mission_icon>4_01</mission_icon>
		<splash_screen>level_00</splash_screen>
		<starting_movie/>
		<min_required/>
		<mission_cost>75000</mission_cost>
		<next_mission/>
		<mission_level>12</mission_level>
		<next_episode/>
		<ForbiddenMission>
			<mission_name>level_4_04</mission_name>
			<exit_code>MISSION_COMPLETED</exit_code>
		</ForbiddenMission>
		<ForbiddenMission>
			<mission_name>level_5_01</mission_name>
			<exit_code>MISSION_COMPLETED</exit_code>
		</ForbiddenMission>
		<RequiredMission>
			<mission_name>level_3_14</mission_name>
			<exit_code>MISSION_EXITCODE1</exit_code>
		</RequiredMission>
	</MissionDescription>
	<MissionDescription name="level_4_02">
		<mission_path>level_4_02</mission_path>
		<short_name>#M_level_4_02_name</short_name>
		<short_description>#M_level_4_02_short_desc</short_description>
		<description>#M_level_4_02_desc</description>
		<mission_icon>4_02</mission_icon>
		<splash_screen>level_00</splash_screen>
		<starting_movie/>
		<min_required/>
		<mission_cost>150000</mission_cost>
		<next_mission>level_4_03</next_mission>
		<mission_level>12</mission_level>
		<next_episode/>
		<RequiredMission>
			<mission_name>level_4_01</mission_name>
			<exit_code>MISSION_COMPLETED</exit_code>
		</RequiredMission>
		<StartNewsAdd>
			<name>news_4_02</name>
		</StartNewsAdd>
	</MissionDescription>
	<MissionDescription name="level_4_03">
		<mission_path>level_4_03</mission_path>
		<short_name>#M_level_4_03_name</short_name>
		<short_description>#M_level_4_03_short_desc</short_description>
		<description>#M_level_4_03_desc</description>
		<mission_icon>4_02</mission_icon>
		<splash_screen>level_00</splash_screen>
		<starting_movie/>
		<min_required/>
		<mission_cost>150000</mission_cost>
		<next_mission/>
		<mission_level>12</mission_level>
		<next_episode>end_game</next_episode>
		<RequiredMission>
			<mission_name>level_4_02</mission_name>
			<exit_code>MISSION_COMPLETED</exit_code>
		</RequiredMission>
	</MissionDescription>
	<MissionDescription name="level_4_04">
		<mission_path>level_4_04</mission_path>
		<short_name>#M_level_4_04_name</short_name>
		<short_description>#M_level_4_04_short_desc</short_description>
		<description>#M_level_4_04_desc</description>
		<mission_icon>4_04</mission_icon>
		<splash_screen>level_00</splash_screen>
		<starting_movie/>
		<min_required/>
		<mission_cost>90000</mission_cost>
		<next_mission/>
		<mission_level>12</mission_level>
		<next_episode/>
		<ForbiddenMission>
			<mission_name>level_4_01</mission_name>
			<exit_code>MISSION_COMPLETED</exit_code>
		</ForbiddenMission>
		<ForbiddenMission>
			<mission_name>level_5_01</mission_name>
			<exit_code>MISSION_COMPLETED</exit_code>
		</ForbiddenMission>
		<RequiredMission>
			<mission_name>level_3_14</mission_name>
			<exit_code>MISSION_EXITCODE2</exit_code>
		</RequiredMission>
	</MissionDescription>
	<MissionDescription name="level_4_05">
		<mission_path>level_4_05</mission_path>
		<short_name>#M_level_4_05_name</short_name>
		<short_description>#M_level_4_05_short_desc</short_description>
		<description>#M_level_4_05_desc</description>
		<mission_icon>4_05</mission_icon>
		<splash_screen>level_00</splash_screen>
		<starting_movie/>
		<min_required/>
		<mission_cost>150000</mission_cost>
		<next_mission/>
		<mission_level>12</mission_level>
		<next_episode/>
		<RequiredMission>
			<mission_name>level_4_04</mission_name>
			<exit_code>MISSION_COMPLETED</exit_code>
		</RequiredMission>
		<StartNewsAdd>
			<name>news_4_03</name>
		</StartNewsAdd>
	</MissionDescription>
	<MissionDescription name="level_4_06">
		<mission_path>level_4_06</mission_path>
		<short_name>#M_level_4_06_name</short_name>
		<short_description>#M_level_4_06_short_desc</short_description>
		<description>#M_level_4_06_desc</description>
		<mission_icon>4_06</mission_icon>
		<splash_screen>level_00</splash_screen>
		<starting_movie/>
		<min_required/>
		<mission_cost>100000</mission_cost>
		<next_mission/>
		<mission_level>12</mission_level>
		<next_episode>end_game</next_episode>
		<RequiredMission>
			<mission_name>level_4_05</mission_name>
			<exit_code>MISSION_COMPLETED</exit_code>
		</RequiredMission>
	</MissionDescription>
</MissionTree>
