<?xml version="1.0" encoding="UTF-8"?>
<News xmlns:xsi="http://www.w3.org/2001/XMLSchema-instance" xsi:noNamespaceSchemaLocation="..\XMLSchema\News.xsd">
	<NewsRecord>
		<name>news08</name>
		<header>#M_news_1_01_Name</header>
		<text>#M_news_1_01_LDesc</text>
		<image_name>news</image_name>
		<sound_name/>
	</NewsRecord>
	<NewsRecord>
		<name>news_1_01</name>
		<header>#M_news_1_01_Name</header>
		<text>#M_news_1_01_LDesc</text>
		<image_name>news</image_name>
		<sound_name/>
	</NewsRecord>
	<NewsRecord>
		<name>news_1_02</name>
		<header>#M_news_1_02_Name</header>
		<text>#M_news_1_02_LDesc</text>
		<image_name>news</image_name>
		<sound_name/>
	</NewsRecord>
	<NewsRecord>
		<name>news_1_03</name>
		<header>#M_news_1_03_Name</header>
		<text>#M_news_1_03_LDesc</text>
		<image_name>news</image_name>
		<sound_name/>
	</NewsRecord>
	<NewsRecord>
		<name>news_1_04</name>
		<header>#M_news_1_04_Name</header>
		<text>#M_news_1_04_LDesc</text>
		<image_name>news</image_name>
		<sound_name/>
	</NewsRecord>
	<NewsRecord>
		<name>news_1_05</name>
		<header>#M_news_1_05_Name</header>
		<text>#M_news_1_05_LDesc</text>
		<image_name>news</image_name>
		<sound_name/>
	</NewsRecord>
	<NewsRecord>
		<name>news_1_06</name>
		<header>#M_news_1_06_Name</header>
		<text>#M_news_1_06_LDesc</text>
		<image_name>news</image_name>
		<sound_name/>
	</NewsRecord>
	<NewsRecord>
		<name>news_1_07</name>
		<header>#M_news_1_07_Name</header>
		<text>#M_news_1_07_LDesc</text>
		<image_name>news</image_name>
		<sound_name/>
	</NewsRecord>
	<NewsRecord>
		<name>news_1_08</name>
		<header>#M_news_1_08_Name</header>
		<text>#M_news_1_08_LDesc</text>
		<image_name>news</image_name>
		<sound_name/>
	</NewsRecord>
	<NewsRecord>
		<name>news_1_09</name>
		<header>#M_news_1_09_Name</header>
		<text>#M_news_1_09_LDesc</text>
		<image_name>news</image_name>
		<sound_name/>
	</NewsRecord>
	<NewsRecord>
		<name>news_1_10</name>
		<header>#M_news_1_10_Name</header>
		<text>#M_news_1_10_LDesc</text>
		<image_name>news</image_name>
		<sound_name/>
	</NewsRecord>
	<NewsRecord>
		<name>news_1_11</name>
		<header>#M_news_1_11_Name</header>
		<text>#M_news_1_11_LDesc</text>
		<image_name>news</image_name>
		<sound_name/>
	</NewsRecord>
	<NewsRecord>
		<name>news_1_12</name>
		<header>#M_news_1_12_Name</header>
		<text>#M_news_1_12_LDesc</text>
		<image_name>mail</image_name>
		<sound_name/>
	</NewsRecord>
	<NewsRecord>
		<name>news_1_13</name>
		<header>#M_news_1_13_Name</header>
		<text>#M_news_1_13_LDesc</text>
		<image_name>mail</image_name>
		<sound_name/>
	</NewsRecord>
	<NewsRecord>
		<name>news_1_14</name>
		<header>#M_news_1_14_Name</header>
		<text>#M_news_1_14_LDesc</text>
		<image_name>mail</image_name>
		<sound_name/>
	</NewsRecord>
	<NewsRecord>
		<name>news_1_15</name>
		<header>#M_news_1_15_Name</header>
		<text>#M_news_1_15_LDesc</text>
		<image_name>mail</image_name>
		<sound_name/>
	</NewsRecord>
	<NewsRecord>
		<name>news_1_16</name>
		<header>#M_news_1_16_Name</header>
		<text>#M_news_1_16_LDesc</text>
		<image_name>mail</image_name>
		<sound_name/>
	</NewsRecord>
	<NewsRecord>
		<name>news_1_17</name>
		<header>#M_news_1_17_Name</header>
		<text>#M_news_1_17_LDesc</text>
		<image_name>mail</image_name>
		<sound_name/>
	</NewsRecord>
	<NewsRecord>
		<name>news_1_18</name>
		<header>#M_news_1_18_Name</header>
		<text>#M_news_1_18_LDesc</text>
		<image_name>mail</image_name>
		<sound_name/>
	</NewsRecord>
	<NewsRecord>
		<name>news_1_19</name>
		<header>#M_news_1_19_Name</header>
		<text>#M_news_1_19_LDesc</text>
		<image_name>Brigand_pirate</image_name>
		<sound_name/>
	</NewsRecord>
	<NewsRecord>
		<name>news_1_20</name>
		<header>#M_news_1_20_Name</header>
		<text>#M_news_1_20_LDesc</text>
		<image_name>hatchet_pirate</image_name>
		<sound_name/>
	</NewsRecord>
	<NewsRecord>
		<name>news_1_21</name>
		<header>#M_news_1_21_Name</header>
		<text>#M_news_1_21_LDesc</text>
		<image_name>Hammerhead_pirate</image_name>
		<sound_name/>
	</NewsRecord>
	<NewsRecord>
		<name>news_1_22</name>
		<header>#M_news_1_22_Name</header>
		<text>#M_news_1_22_LDesc</text>
		<image_name>mail</image_name>
		<sound_name/>
	</NewsRecord>
	<NewsRecord>
		<name>news_2_01</name>
		<header>#M_news_2_01_Name</header>
		<text>#M_news_2_01_LDesc</text>
		<image_name>news</image_name>
		<sound_name/>
	</NewsRecord>
	<NewsRecord>
		<name>news_2_02</name>
		<header>#M_news_2_02_Name</header>
		<text>#M_news_2_02_LDesc</text>
		<image_name>news</image_name>
		<sound_name/>
	</NewsRecord>
	<NewsRecord>
		<name>news_2_03</name>
		<header>#M_news_2_03_Name</header>
		<text>#M_news_2_03_LDesc</text>
		<image_name>news</image_name>
		<sound_name/>
	</NewsRecord>
	<NewsRecord>
		<name>news_2_04</name>
		<header>#M_news_2_04_Name</header>
		<text>#M_news_2_04_LDesc</text>
		<image_name>news</image_name>
		<sound_name/>
	</NewsRecord>
	<NewsRecord>
		<name>news_2_05</name>
		<header>#M_news_2_05_Name</header>
		<text>#M_news_2_05_LDesc</text>
		<image_name>news</image_name>
		<sound_name/>
	</NewsRecord>
	<NewsRecord>
		<name>news_2_06</name>
		<header>#M_news_2_06_Name</header>
		<text>#M_news_2_06_LDesc</text>
		<image_name>news</image_name>
		<sound_name/>
	</NewsRecord>
	<NewsRecord>
		<name>news_2_07</name>
		<header>#M_news_2_07_Name</header>
		<text>#M_news_2_07_LDesc</text>
		<image_name>news</image_name>
		<sound_name/>
	</NewsRecord>
	<NewsRecord>
		<name>news_2_08</name>
		<header>#M_news_2_08_Name</header>
		<text>#M_news_2_08_LDesc</text>
		<image_name>news</image_name>
		<sound_name/>
	</NewsRecord>
	<NewsRecord>
		<name>news_2_09</name>
		<header>#M_news_2_09_Name</header>
		<text>#M_news_2_09_LDesc</text>
		<image_name>news</image_name>
		<sound_name/>
	</NewsRecord>
	<NewsRecord>
		<name>news_2_10</name>
		<header>#M_news_2_10_Name</header>
		<text>#M_news_2_10_LDesc</text>
		<image_name>news</image_name>
		<sound_name/>
	</NewsRecord>
	<NewsRecord>
		<name>news_2_11</name>
		<header>#M_news_2_11_Name</header>
		<text>#M_news_2_11_LDesc</text>
		<image_name>mail</image_name>
		<sound_name/>
	</NewsRecord>
	<NewsRecord>
		<name>news_2_12</name>
		<header>#M_news_2_12_Name</header>
		<text>#M_news_2_12_LDesc</text>
		<image_name>mail</image_name>
		<sound_name/>
	</NewsRecord>
	<NewsRecord>
		<name>news_2_13</name>
		<header>#M_news_2_13_Name</header>
		<text>#M_news_2_13_LDesc</text>
		<image_name>mail</image_name>
		<sound_name/>
	</NewsRecord>
	<NewsRecord>
		<name>news_2_14</name>
		<header>#M_news_2_14_Name</header>
		<text>#M_news_2_14_LDesc</text>
		<image_name>mail</image_name>
		<sound_name/>
	</NewsRecord>
	<NewsRecord>
		<name>news_2_15</name>
		<header>#M_news_2_15_Name</header>
		<text>#M_news_2_15_LDesc</text>
		<image_name>mail</image_name>
		<sound_name/>
	</NewsRecord>
	<NewsRecord>
		<name>news_2_16</name>
		<header>#M_news_2_16_Name</header>
		<text>#M_news_2_16_LDesc</text>
		<image_name>mail</image_name>
		<sound_name/>
	</NewsRecord>
	<NewsRecord>
		<name>news_2_17</name>
		<header>#M_news_2_17_Name</header>
		<text>#M_news_2_17_LDesc</text>
		<image_name>mail</image_name>
		<sound_name/>
	</NewsRecord>
	<NewsRecord>
		<name>news_2_18</name>
		<header>#M_news_2_18_Name</header>
		<text>#M_news_2_18_LDesc</text>
		<image_name>mail</image_name>
		<sound_name/>
	</NewsRecord>
	<NewsRecord>
		<name>news_2_19</name>
		<header>#M_news_2_19_Name</header>
		<text>#M_news_2_19_LDesc</text>
		<image_name>mail</image_name>
		<sound_name/>
	</NewsRecord>
	<NewsRecord>
		<name>news_2_20</name>
		<header>#M_news_2_20_Name</header>
		<text>#M_news_2_20_LDesc</text>
		<image_name>mail</image_name>
		<sound_name/>
	</NewsRecord>
	<NewsRecord>
		<name>news_2_21</name>
		<header>#M_news_2_21_Name</header>
		<text>#M_news_2_21_LDesc</text>
		<image_name>mail</image_name>
		<sound_name/>
	</NewsRecord>
	<NewsRecord>
		<name>news_3_01</name>
		<header>#M_news_3_01_Name</header>
		<text>#M_news_3_01_LDesc</text>
		<image_name>news</image_name>
		<sound_name/>
	</NewsRecord>
	<NewsRecord>
		<name>news_3_02</name>
		<header>#M_news_3_02_Name</header>
		<text>#M_news_3_02_LDesc</text>
		<image_name>news</image_name>
		<sound_name/>
	</NewsRecord>
	<NewsRecord>
		<name>news_3_03</name>
		<header>#M_news_3_03_Name</header>
		<text>#M_news_3_03_LDesc</text>
		<image_name>news</image_name>
		<sound_name/>
	</NewsRecord>
	<NewsRecord>
		<name>news_3_04</name>
		<header>#M_news_3_04_Name</header>
		<text>#M_news_3_04_LDesc</text>
		<image_name>news</image_name>
		<sound_name/>
	</NewsRecord>
	<NewsRecord>
		<name>news_3_05</name>
		<header>#M_news_3_05_Name</header>
		<text>#M_news_3_05_LDesc</text>
		<image_name>news</image_name>
		<sound_name/>
	</NewsRecord>
	<NewsRecord>
		<name>news_3_06</name>
		<header>#M_news_3_06_Name</header>
		<text>#M_news_3_06_LDesc</text>
		<image_name>news</image_name>
		<sound_name/>
	</NewsRecord>
	<NewsRecord>
		<name>news_3_07</name>
		<header>#M_news_3_07_Name</header>
		<text>#M_news_3_07_LDesc</text>
		<image_name>news</image_name>
		<sound_name/>
	</NewsRecord>
	<NewsRecord>
		<name>news_3_08</name>
		<header>#M_news_3_08_Name</header>
		<text>#M_news_3_08_LDesc</text>
		<image_name>news</image_name>
		<sound_name/>
	</NewsRecord>
	<NewsRecord>
		<name>news_3_09</name>
		<header>#M_news_3_09_Name</header>
		<text>#M_news_3_09_LDesc</text>
		<image_name>mail</image_name>
		<sound_name/>
	</NewsRecord>
	<NewsRecord>
		<name>news_3_10</name>
		<header>#M_news_3_10_Name</header>
		<text>#M_news_3_10_LDesc</text>
		<image_name>mail</image_name>
		<sound_name/>
	</NewsRecord>
	<NewsRecord>
		<name>news_3_11</name>
		<header>#M_news_3_11_Name</header>
		<text>#M_news_3_11_LDesc</text>
		<image_name>mail</image_name>
		<sound_name/>
	</NewsRecord>
	<NewsRecord>
		<name>news_3_12</name>
		<header>#M_news_3_12_Name</header>
		<text>#M_news_3_12_LDesc</text>
		<image_name>mail</image_name>
		<sound_name/>
	</NewsRecord>
	<NewsRecord>
		<name>news_3_13</name>
		<header>#M_news_3_13_Name</header>
		<text>#M_news_3_13_LDesc</text>
		<image_name>news</image_name>
		<sound_name/>
	</NewsRecord>
	<NewsRecord>
		<name>news_3_14</name>
		<header>#M_news_3_14_Name</header>
		<text>#M_news_3_14_LDesc</text>
		<image_name>mail</image_name>
		<sound_name/>
	</NewsRecord>
	<NewsRecord>
		<name>news_3_15</name>
		<header>#M_news_3_15_Name</header>
		<text>#M_news_3_15_LDesc</text>
		<image_name>mail</image_name>
		<sound_name/>
	</NewsRecord>
	<NewsRecord>
		<name>news_3_16</name>
		<header>#M_news_3_16_Name</header>
		<text>#M_news_3_16_LDesc</text>
		<image_name>mail</image_name>
		<sound_name/>
	</NewsRecord>
	<NewsRecord>
		<name>news_3_17</name>
		<header>#M_news_3_17_Name</header>
		<text>#M_news_3_17_LDesc</text>
		<image_name>news</image_name>
		<sound_name/>
	</NewsRecord>
	<NewsRecord>
		<name>news_4_01</name>
		<header>#M_news_4_01_Name</header>
		<text>#M_news_4_01_LDesc</text>
		<image_name>news</image_name>
		<sound_name/>
	</NewsRecord>
	<NewsRecord>
		<name>news_4_02</name>
		<header>#M_news_4_02_Name</header>
		<text>#M_news_4_02_LDesc</text>
		<image_name>mail</image_name>
		<sound_name/>
	</NewsRecord>
	<NewsRecord>
		<name>news_4_03</name>
		<header>#M_news_4_03_Name</header>
		<text>#M_news_4_03_LDesc</text>
		<image_name>mail</image_name>
		<sound_name/>
	</NewsRecord>
	<NewsRecord>
		<name>news_5_01</name>
		<header>#M_news_5_01_Name</header>
		<text>#M_news_5_01_LDesc</text>
		<image_name>mail</image_name>
		<sound_name/>
	</NewsRecord>
	<NewsRecord>
		<name>news_5_02</name>
		<header>#M_news_5_02_Name</header>
		<text>#M_news_5_02_LDesc</text>
		<image_name>mail</image_name>
		<sound_name/>
	</NewsRecord>
	<NewsRecord>
		<name>news_5_03</name>
		<header>#M_news_5_03_Name</header>
		<text>#M_news_5_03_LDesc</text>
		<image_name>mail</image_name>
		<sound_name/>
	</NewsRecord>
	<NewsRecord>
		<name>news_5_04</name>
		<header>#M_news_5_04_Name</header>
		<text>#M_news_5_04_LDesc</text>
		<image_name>mail</image_name>
		<sound_name/>
	</NewsRecord>
	<NewsRecord>
		<name>news_5_05</name>
		<header>#M_news_5_05_Name</header>
		<text>#M_news_5_05_LDesc</text>
		<image_name>mail</image_name>
		<sound_name/>
	</NewsRecord>
	<NewsRecord>
		<name>news_5_06</name>
		<header>#M_news_5_06_Name</header>
		<text>#M_news_5_06_LDesc</text>
		<image_name>mail</image_name>
		<sound_name/>
	</NewsRecord>
	<NewsRecord>
		<name>news_5_07</name>
		<header>#M_news_5_07_Name</header>
		<text>#M_news_5_07_LDesc</text>
		<image_name>mail</image_name>
		<sound_name/>
	</NewsRecord>
	<NewsRecord>
		<name>news_5_08</name>
		<header>#M_news_5_08_Name</header>
		<text>#M_news_5_08_LDesc</text>
		<image_name>mail</image_name>
		<sound_name/>
	</NewsRecord>
	<NewsRecord>
		<name>news_5_09</name>
		<header>#M_news_5_09_Name</header>
		<text>#M_news_5_09_LDesc</text>
		<image_name>mail</image_name>
		<sound_name/>
	</NewsRecord>
	<NewsRecord>
		<name>news_5_10</name>
		<header>#M_news_5_10_Name</header>
		<text>#M_news_5_10_LDesc</text>
		<image_name>mail</image_name>
		<sound_name/>
	</NewsRecord>
	<NewsRecord>
		<name>news_5_11</name>
		<header>#M_news_5_11_Name</header>
		<text>#M_news_5_11_LDesc</text>
		<image_name>mail</image_name>
		<sound_name/>
	</NewsRecord>
	<NewsRecord>
		<name>news_5_12</name>
		<header>#M_news_5_12_Name</header>
		<text>#M_news_5_12_LDesc</text>
		<image_name>mail</image_name>
		<sound_name/>
	</NewsRecord>
	<NewsRecord>
		<name>news_5_13</name>
		<header>#M_news_5_13_Name</header>
		<text>#M_news_5_13_LDesc</text>
		<image_name>mail</image_name>
		<sound_name/>
	</NewsRecord>
	<NewsRecord>
		<name>news_4_10</name>
		<header>#M_news_4_10_Name</header>
		<text>#M_news_4_10_LDesc</text>
		<image_name>news</image_name>
		<sound_name/>
	</NewsRecord>
	<NewsRecord>
		<name>news_5_20</name>
		<header>#M_news_5_20_Name</header>
		<text>#M_news_5_20_LDesc</text>
		<image_name>news</image_name>
		<sound_name/>
	</NewsRecord>
	<NewsRecord>
		<name>news_5_21</name>
		<header>#M_news_5_21_Name</header>
		<text>#M_news_5_21_LDesc</text>
		<image_name>news</image_name>
		<sound_name/>
	</NewsRecord>
	<NewsRecord>
		<name>news_5_22</name>
		<header>#M_news_5_22_Name</header>
		<text>#M_news_5_22_LDesc</text>
		<image_name>news</image_name>
		<sound_name/>
	</NewsRecord>
	<NewsRecord>
		<name>news_5_23</name>
		<header>#M_news_5_23_Name</header>
		<text>#M_news_5_23_LDesc</text>
		<image_name>news</image_name>
		<sound_name/>
	</NewsRecord>
	<NewsRecord>
		<name>news_5_24</name>
		<header>#M_news_5_24_Name</header>
		<text>#M_news_5_24_LDesc</text>
		<image_name>news</image_name>
		<sound_name/>
	</NewsRecord>
	<NewsRecord>
		<name>news_5_25</name>
		<header>#M_news_5_25_Name</header>
		<text>#M_news_5_25_LDesc</text>
		<image_name>news</image_name>
		<sound_name/>
	</NewsRecord>
	<NewsRecord>
		<name>news_5_26</name>
		<header>#M_news_5_26_Name</header>
		<text>#M_news_5_26_LDesc</text>
		<image_name>news</image_name>
		<sound_name/>
	</NewsRecord>
	<NewsRecord>
		<name>news_5_27</name>
		<header>#M_news_5_27_Name</header>
		<text>#M_news_5_27_LDesc</text>
		<image_name>news</image_name>
		<sound_name/>
	</NewsRecord>
	<NewsRecord>
		<name>news_5_30</name>
		<header>#M_news_5_30_Name</header>
		<text>#M_news_5_30_LDesc</text>
		<image_name>news</image_name>
		<sound_name/>
	</NewsRecord>
	<NewsRecord>
		<name>news_5_31</name>
		<header>#M_news_5_31_Name</header>
		<text>#M_news_5_31_LDesc</text>
		<image_name>news</image_name>
		<sound_name/>
	</NewsRecord>
	<NewsRecord>
		<name>news_5_32</name>
		<header>#M_news_5_32_Name</header>
		<text>#M_news_5_32_LDesc</text>
		<image_name>news</image_name>
		<sound_name/>
	</NewsRecord>
	<NewsRecord>
		<name>news_5_33</name>
		<header>#M_news_5_33_Name</header>
		<text>#M_news_5_33_LDesc</text>
		<image_name>news</image_name>
		<sound_name/>
	</NewsRecord>
	<NewsRecord>
		<name>news_5_34</name>
		<header>#M_news_5_34_Name</header>
		<text>#M_news_5_34_LDesc</text>
		<image_name>news</image_name>
		<sound_name/>
	</NewsRecord>
	<NewsRecord>
		<name>news_5_35</name>
		<header>#M_news_5_35_Name</header>
		<text>#M_news_5_35_LDesc</text>
		<image_name>news</image_name>
		<sound_name/>
	</NewsRecord>
	<NewsRecord>
		<name>news_5_36</name>
		<header>#M_news_5_36_Name</header>
		<text>#M_news_5_36_LDesc</text>
		<image_name>news</image_name>
		<sound_name/>
	</NewsRecord>
	<NewsRecord>
		<name>news_5_37</name>
		<header>#M_news_5_37_Name</header>
		<text>#M_news_5_37_LDesc</text>
		<image_name>news</image_name>
		<sound_name/>
	</NewsRecord>
	<NewsRecord>
		<name>news_5_38</name>
		<header>#M_news_5_38_Name</header>
		<text>#M_news_5_38_LDesc</text>
		<image_name>news</image_name>
		<sound_name/>
	</NewsRecord>
	<NewsRecord>
		<name>news_5_39</name>
		<header>#M_news_5_39_Name</header>
		<text>#M_news_5_39_LDesc</text>
		<image_name>news</image_name>
		<sound_name/>
	</NewsRecord>
</News>
