<?xml version="1.0" encoding="UTF-8"?>
<!-- (XBOW) -->
<Pilots xmlns:xsi="http://www.w3.org/2001/XMLSchema-instance" xsi:noNamespaceSchemaLocation="..\XMLSchema\Pilots.xsd">
	<GamePilot name="El">
		<callsign>#M_pilot_Name_EL</callsign>
		<full_name>#M_pilot_FName_EL</full_name>
		<upkeep/>
		<background>#M_pilot_Back_EL</background>
		<face_texture>el</face_texture>
		<sign_texture>IconEL</sign_texture>
		<piloting>10</piloting>
		<guns>10</guns>
		<rockets>10</rockets>
		<electronic_warfare>10</electronic_warfare>
		<kills/>
		<points>0</points>
		<morale>1</morale>
		<mapping_name>El_perk</mapping_name>
		<PerkDefines>
			<perk>Piloting_1</perk>
			<perk>Gunnery_1</perk>
			<perk>Missiles_Rockets</perk>
			<perk>hack_berserk_1</perk>
			<perk>hack_ship_1</perk>
			<perk>Systems_1</perk>
			<perk>AI</perk>
		</PerkDefines>
	</GamePilot>
	<GamePilot name="Hero">
		<callsign>#M_pilot_Name_Hero</callsign>
		<full_name>#M_pilot_FName_Hero</full_name>
		<upkeep/>
		<background>#M_pilot_Back_Hero</background>
		<face_texture>hero-1-</face_texture>
		<sign_texture>IconHero</sign_texture>
		<piloting>10</piloting>
		<guns>10</guns>
		<rockets>10</rockets>
		<electronic_warfare>10</electronic_warfare>
		<kills/>
		<points>15</points>
		<morale>1</morale>
		<mapping_name>Hero_pil_perk</mapping_name>
		<PerkDefines/>
	</GamePilot>
	<GamePilot name="Ace">
		<callsign>#M_pilot_Name_Ace</callsign>
		<full_name>#M_pilot_FName_Ace</full_name>
		<upkeep/>
		<background>#M_pilot_Back_Ace</background>
		<face_texture>ace</face_texture>
		<sign_texture>IconAce</sign_texture>
		<piloting>10</piloting>
		<guns>10</guns>
		<rockets>10</rockets>
		<electronic_warfare>10</electronic_warfare>
		<kills/>
		<points>9</points>
		<morale>1</morale>
		<mapping_name>Ace_perk</mapping_name>
		<PerkDefines>
			<perk>Piloting_1</perk>
			<perk>Gunnery_1</perk>
			<perk>snipeOut_1</perk>
		</PerkDefines>
	</GamePilot>
	<GamePilot name="Heretic">
		<callsign>#M_pilot_Name_Heretic</callsign>
		<full_name>#M_pilot_FName_Heretic</full_name>
		<upkeep/>
		<background>#M_pilot_Back_Heretic</background>
		<face_texture>heretic</face_texture>
		<sign_texture>IconHeretic</sign_texture>
		<piloting>10</piloting>
		<guns>10</guns>
		<rockets>10</rockets>
		<electronic_warfare>10</electronic_warfare>
		<kills/>
		<points>5</points>
		<morale>1</morale>
		<mapping_name>Heretic_perk</mapping_name>
		<PerkDefines>
			<perk>Piloting_1</perk>
			<perk>Gunnery_1</perk>
			<perk>Systems_1</perk>
		</PerkDefines>
	</GamePilot>
	<GamePilot name="Astra">
		<callsign>#M_pilot_Name_Astra</callsign>
		<full_name>#M_pilot_FName_Astra</full_name>
		<upkeep/>
		<background>#M_pilot_Back_Astra</background>
		<face_texture>astra</face_texture>
		<sign_texture>IconAstra</sign_texture>
		<piloting>10</piloting>
		<guns>10</guns>
		<rockets>10</rockets>
		<electronic_warfare>10</electronic_warfare>
		<kills/>
		<points>5</points>
		<morale>1</morale>
		<mapping_name>Astra_perk</mapping_name>
		<PerkDefines>
			<perk>Piloting_1</perk>
			<perk>Systems_1</perk>
			<perk>Repairman</perk>
			<perk>lucky_1</perk>
		</PerkDefines>
	</GamePilot>
	<GamePilot name="Phantom">
		<callsign>#M_pilot_Name_Phantom</callsign>
		<full_name>#M_pilot_FName_Phantom</full_name>
		<upkeep/>
		<background>#M_pilot_Back_Phantom</background>
		<face_texture>phantom</face_texture>
		<sign_texture>IconPhantom</sign_texture>
		<piloting>10</piloting>
		<guns>10</guns>
		<rockets>10</rockets>
		<electronic_warfare>10</electronic_warfare>
		<kills/>
		<points>25</points>
		<morale>1</morale>
		<mapping_name>Phantom_perk</mapping_name>
		<PerkDefines>
			<perk>Piloting_1</perk>
			<perk>Systems_1</perk>
			<perk>Systems_2</perk>
			<perk>polarization_1</perk>
			<perk>Missiles_Rockets</perk>
		</PerkDefines>
	</GamePilot>
	<GamePilot name="Corsair">
		<callsign>#M_pilot_Name_Corsair</callsign>
		<full_name>#M_pilot_FName_Corsair</full_name>
		<upkeep/>
		<background>#M_pilot_Back_Corsair</background>
		<face_texture>corsair</face_texture>
		<sign_texture>IconCorsair</sign_texture>
		<piloting>10</piloting>
		<guns>10</guns>
		<rockets>10</rockets>
		<electronic_warfare>10</electronic_warfare>
		<kills/>
		<points>0</points>
		<morale>1</morale>
		<mapping_name>Corsair_perk</mapping_name>
		<PerkDefines>
			<perk>Piloting_1</perk>
			<perk>Gunnery_1</perk>
			<perk>Missiles_Rockets</perk>
			<perk>Missiles_2</perk>
			<perk>missile_salvo_1</perk>
		</PerkDefines>
	</GamePilot>
	<GamePilot name="Viper">
		<callsign>#M_pilot_Name_Viper</callsign>
		<full_name>#M_pilot_FName_Viper</full_name>
		<upkeep/>
		<background>#M_pilot_Back_Viper</background>
		<face_texture>viper</face_texture>
		<sign_texture>IconViper</sign_texture>
		<piloting>10</piloting>
		<guns>10</guns>
		<rockets>10</rockets>
		<electronic_warfare>10</electronic_warfare>
		<kills/>
		<points>0</points>
		<morale>1</morale>
		<mapping_name>Viper_perk</mapping_name>
		<PerkDefines>
			<perk>Piloting_1</perk>
			<perk>Piloting_2</perk>
			<perk>Gunnery_1</perk>
			<perk>Gunnery_2</perk>
			<perk>Missiles_Rockets</perk>
			<perk>Systems_1</perk>
			<perk>R_Wingman</perk>
			<perk>Tactics</perk>
			<perk>Engine_Op</perk>
			<perk>boost_1</perk>
			<perk>Countermeasures</perk>
		</PerkDefines>
	</GamePilot>
	<GamePilot name="SuperViper">
		<callsign>#M_pilot_Name_Viper</callsign>
		<full_name>#M_pilot_FName_Viper</full_name>
		<upkeep/>
		<background>#M_pilot_Back_Viper</background>
		<face_texture>viper</face_texture>
		<sign_texture>IconViper</sign_texture>
		<piloting>10</piloting>
		<guns>10</guns>
		<rockets>10</rockets>
		<electronic_warfare>10</electronic_warfare>
		<kills/>
		<points>0</points>
		<morale>1</morale>
		<mapping_name>Viper_perk</mapping_name>
		<PerkDefines>
			<perk>Piloting_1</perk>
			<perk>Piloting_2</perk>
			<perk>Piloting_3</perk>
			<perk>Gunnery_1</perk>
			<perk>Gunnery_2</perk>
			<perk>Gunnery_3</perk>
			<perk>Missiles_Rockets</perk>
			<perk>Systems_1</perk>
			<perk>Systems_2</perk>
			<perk>R_Wingman</perk>
			<perk>Tactics</perk>
			<perk>Engine_Op</perk>
			<perk>boost_1</perk>
			<perk>Countermeasures</perk>
		</PerkDefines>
	</GamePilot>
	<GamePilot name="BasePilot">
		<callsign>#M_pilot_Name_BasePilot</callsign>
		<full_name>Mothership</full_name>
		<upkeep/>
		<background/>
		<face_texture>mothership_icon</face_texture>
		<sign_texture>IconBase</sign_texture>
		<piloting>10</piloting>
		<guns>10</guns>
		<rockets>10</rockets>
		<electronic_warfare>10</electronic_warfare>
		<kills/>
		<points/>
		<morale>1</morale>
		<mapping_name/>
		<PerkDefines>
			<perk>Piloting_1</perk>
			<perk>Gunnery_1</perk>
			<perk>Systems_1</perk>
		</PerkDefines>
	</GamePilot>
	<GamePilot name="LlanowarRebel">
		<callsign>#M_pilot_Name_LlanowarRebel</callsign>
		<full_name>Llanowar Rebel</full_name>
		<upkeep/>
		<background/>
		<face_texture>LS</face_texture>
		<sign_texture>IconLS</sign_texture>
		<piloting>10</piloting>
		<guns>10</guns>
		<rockets>10</rockets>
		<electronic_warfare>10</electronic_warfare>
		<kills/>
		<points/>
		<morale>1</morale>
		<mapping_name/>
		<PerkDefines>
			<perk>Piloting_1</perk>
			<perk>Piloting_2</perk>
			<perk>Gunnery_1</perk>
			<perk>Missiles_Rockets</perk>
			<perk>Missiles_2</perk>
			<perk>Missiles_3</perk>
			<perk>Missiles_4</perk>
			<perk>Missiles_5</perk>
			<perk>Systems_1</perk>
		</PerkDefines>
	</GamePilot>
	<GamePilot name="LlanowarOfficer">
		<callsign>#M_pilot_Name_PatrolOfficer</callsign>
		<full_name>Llanowar Officer</full_name>
		<upkeep/>
		<background/>
		<face_texture>LS</face_texture>
		<sign_texture>IconLS</sign_texture>
		<piloting>10</piloting>
		<guns>10</guns>
		<rockets>10</rockets>
		<electronic_warfare>10</electronic_warfare>
		<kills/>
		<points/>
		<morale>1</morale>
		<mapping_name/>
		<PerkDefines>
			<perk>Piloting_1</perk>
			<perk>Piloting_2</perk>
			<perk>Piloting_3</perk>
			<perk>Tactics</perk>
			<perk>Gunnery_1</perk>
			<perk>Gunnery_2</perk>
			<perk>Missiles_Rockets</perk>
			<perk>Missiles_2</perk>
			<perk>Missiles_3</perk>
			<perk>Missiles_4</perk>
			<perk>Missiles_5</perk>
			<perk>Systems_1</perk>
			<perk>Systems_2</perk>
			<perk>Countermeasures</perk>
		</PerkDefines>
	</GamePilot>
	<GamePilot name="PatrolPilot">
		<callsign>#M_pilot_Name_PatrolPilot</callsign>
		<full_name>Patrol Pilot</full_name>
		<upkeep/>
		<background/>
		<face_texture>patrol</face_texture>
		<sign_texture>IconPatrol</sign_texture>
		<piloting>10</piloting>
		<guns>10</guns>
		<rockets>10</rockets>
		<electronic_warfare>10</electronic_warfare>
		<kills/>
		<points/>
		<morale>1</morale>
		<mapping_name/>
		<PerkDefines>
			<perk>Piloting_1</perk>
			<perk>Gunnery_1</perk>
			<perk>Systems_1</perk>
		</PerkDefines>
	</GamePilot>
	<GamePilot name="PatrolOfficer">
		<callsign>#M_pilot_Name_PatrolOfficer</callsign>
		<full_name>Officer</full_name>
		<upkeep/>
		<background/>
		<face_texture>patrol</face_texture>
		<sign_texture>IconPatrol</sign_texture>
		<piloting>10</piloting>
		<guns>10</guns>
		<rockets>10</rockets>
		<electronic_warfare>10</electronic_warfare>
		<kills/>
		<points/>
		<morale>1</morale>
		<mapping_name/>
		<PerkDefines>
			<perk>Piloting_1</perk>
			<perk>Piloting_2</perk>
			<perk>Gunnery_1</perk>
			<perk>Gunnery_2</perk>
			<perk>Missiles_Rockets</perk>
			<perk>Systems_1</perk>
		</PerkDefines>
	</GamePilot>
	<GamePilot name="PatrolAce">
		<callsign>#M_pilot_Name_PatrolAce</callsign>
		<full_name>Patrol Ace</full_name>
		<upkeep/>
		<background/>
		<face_texture>patrol</face_texture>
		<sign_texture>IconPatrol</sign_texture>
		<piloting>10</piloting>
		<guns>10</guns>
		<rockets>10</rockets>
		<electronic_warfare>10</electronic_warfare>
		<kills/>
		<points/>
		<morale>1</morale>
		<mapping_name/>
		<PerkDefines>
			<perk>Piloting_1</perk>
			<perk>Piloting_2</perk>
			<perk>Piloting_3</perk>
			<perk>Tactics</perk>
			<perk>Gunnery_1</perk>
			<perk>Gunnery_2</perk>
			<perk>Missiles_Rockets</perk>
			<perk>Missiles_2</perk>
			<perk>Systems_1</perk>
			<perk>Systems_2</perk>
			<perk>Countermeasures</perk>
		</PerkDefines>
	</GamePilot>
	<GamePilot name="PirateRookie">
		<callsign>#M_pilot_Name_PirateRookie</callsign>
		<full_name>Rookie Pirate</full_name>
		<upkeep/>
		<background/>
		<face_texture>pirate</face_texture>
		<sign_texture>IconPirate</sign_texture>
		<piloting>10</piloting>
		<guns>10</guns>
		<rockets>10</rockets>
		<electronic_warfare>10</electronic_warfare>
		<kills/>
		<points/>
		<morale>1</morale>
		<mapping_name/>
		<PerkDefines>
			<perk>Piloting_1</perk>
			<perk>Gunnery_1</perk>
		</PerkDefines>
	</GamePilot>
	<GamePilot name="PirateTough">
		<callsign>#M_pilot_Name_PirateTough</callsign>
		<full_name>Tough Pirate</full_name>
		<upkeep/>
		<background/>
		<face_texture>pirate</face_texture>
		<sign_texture>IconPirate</sign_texture>
		<piloting>10</piloting>
		<guns>10</guns>
		<rockets>10</rockets>
		<electronic_warfare>10</electronic_warfare>
		<kills/>
		<points/>
		<morale>1</morale>
		<mapping_name/>
		<PerkDefines>
			<perk>Piloting_1</perk>
			<perk>Piloting_2</perk>
			<perk>Gunnery_1</perk>
			<perk>Gunnery_2</perk>
			<perk>Missiles_Rockets</perk>
			<perk>Systems_1</perk>
		</PerkDefines>
	</GamePilot>
	<GamePilot name="PirateCaptain">
		<callsign>#M_pilot_Name_PirateCaptain</callsign>
		<full_name>Pirate Captain</full_name>
		<upkeep/>
		<background/>
		<face_texture>pirate</face_texture>
		<sign_texture>IconPirate</sign_texture>
		<piloting>10</piloting>
		<guns>10</guns>
		<rockets>10</rockets>
		<electronic_warfare>10</electronic_warfare>
		<kills/>
		<points/>
		<morale>1</morale>
		<mapping_name/>
		<PerkDefines>
			<perk>Piloting_1</perk>
			<perk>Piloting_2</perk>
			<perk>Piloting_3</perk>
			<perk>Gunnery_1</perk>
			<perk>Gunnery_2</perk>
			<perk>Gunnery_3</perk>
			<perk>Missiles_Rockets</perk>
			<perk>Missiles_2</perk>
			<perk>Systems_1</perk>
		</PerkDefines>
	</GamePilot>
	<GamePilot name="PirateMessanger">
		<callsign>#M_pilot_Name_PirateMessanger</callsign>
		<full_name>Tough Pirate</full_name>
		<upkeep/>
		<background/>
		<face_texture>pirate</face_texture>
		<sign_texture>IconPirate</sign_texture>
		<piloting>10</piloting>
		<guns>10</guns>
		<rockets>10</rockets>
		<electronic_warfare>10</electronic_warfare>
		<kills/>
		<points/>
		<morale>1</morale>
		<mapping_name/>
		<PerkDefines>
			<perk>Piloting_1</perk>
			<perk>Piloting_2</perk>
			<perk>Gunnery_1</perk>
			<perk>Gunnery_2</perk>
			<perk>Missiles_Rockets</perk>
			<perk>Systems_1</perk>
		</PerkDefines>
	</GamePilot>
	<GamePilot name="Trader">
		<callsign>#M_pilot_Name_Trader</callsign>
		<full_name>Trader</full_name>
		<upkeep/>
		<background/>
		<face_texture>trade</face_texture>
		<sign_texture>IconTrader</sign_texture>
		<piloting>10</piloting>
		<guns>10</guns>
		<rockets>10</rockets>
		<electronic_warfare>10</electronic_warfare>
		<kills/>
		<points/>
		<morale>1</morale>
		<mapping_name/>
		<PerkDefines>
			<perk>Piloting_1</perk>
			<perk>Gunnery_1</perk>
		</PerkDefines>
	</GamePilot>
	<GamePilot name="TraderGuard">
		<callsign>#M_pilot_Name_TraderGuard</callsign>
		<full_name>Trader Guard</full_name>
		<upkeep/>
		<background/>
		<face_texture>trade</face_texture>
		<sign_texture>IconTrader</sign_texture>
		<piloting>10</piloting>
		<guns>10</guns>
		<rockets>10</rockets>
		<electronic_warfare>10</electronic_warfare>
		<kills/>
		<points/>
		<morale>1</morale>
		<mapping_name/>
		<PerkDefines>
			<perk>Piloting_1</perk>
			<perk>Gunnery_1</perk>
			<perk>Missiles_Rockets</perk>
			<perk>Systems_1</perk>
		</PerkDefines>
	</GamePilot>
	<GamePilot name="Autopilot">
		<callsign>#M_pilot_Name_Autopilot</callsign>
		<full_name>Autopilot</full_name>
		<upkeep/>
		<background/>
		<face_texture>trade</face_texture>
		<sign_texture>IconTrader</sign_texture>
		<piloting>10</piloting>
		<guns>10</guns>
		<rockets>10</rockets>
		<electronic_warfare>10</electronic_warfare>
		<kills/>
		<points/>
		<morale>1</morale>
		<mapping_name/>
		<PerkDefines>
			<perk>Gunnery_1</perk>
			<perk>Gunnery_2</perk>
			<perk>Piloting_1</perk>
		</PerkDefines>
	</GamePilot>
	<GamePilot name="BerserkBot">
		<callsign>#M_pilot_Name_BerserkBot</callsign>
		<full_name>BerserkBot</full_name>
		<upkeep/>
		<background/>
		<face_texture>noise</face_texture>
		<sign_texture>IconBerserk</sign_texture>
		<piloting>10</piloting>
		<guns>10</guns>
		<rockets>10</rockets>
		<electronic_warfare>10</electronic_warfare>
		<kills/>
		<points/>
		<morale/>
		<mapping_name/>
		<PerkDefines>
			<perk>Piloting_1</perk>
			<perk>Gunnery_1</perk>
			<perk>Missiles_Rockets</perk>
			<perk>AI</perk>
		</PerkDefines>
	</GamePilot>
	<GamePilot name="BerserkLeader">
		<callsign>#M_pilot_Name_BerserkLeader</callsign>
		<full_name>BerserkLeader</full_name>
		<upkeep/>
		<background/>
		<face_texture>noise</face_texture>
		<sign_texture>IconBerserk</sign_texture>
		<piloting>10</piloting>
		<guns>10</guns>
		<rockets>10</rockets>
		<electronic_warfare>10</electronic_warfare>
		<kills/>
		<points/>
		<morale/>
		<mapping_name/>
		<PerkDefines>
			<perk>Piloting_1</perk>
			<perk>Piloting_2</perk>
			<perk>Gunnery_1</perk>
			<perk>Gunnery_2</perk>
			<perk>Missiles_Rockets</perk>
			<perk>Missiles_2</perk>
			<perk>AI</perk>
		</PerkDefines>
	</GamePilot>
	<GamePilot name="CopyAce">
		<callsign>#M_pilot_Name_CopyAce</callsign>
		<full_name>CopyAce</full_name>
		<upkeep/>
		<background>CopyAce</background>
		<face_texture>ace</face_texture>
		<sign_texture>IconAce</sign_texture>
		<piloting>10</piloting>
		<guns>10</guns>
		<rockets>10</rockets>
		<electronic_warfare>10</electronic_warfare>
		<kills/>
		<points/>
		<morale>1</morale>
		<mapping_name/>
		<PerkDefines>
			<perk>Piloting_1</perk>
			<perk>Piloting_2</perk>
			<perk>Piloting_3</perk>
			<perk>Piloting_4</perk>
			<perk>Gunnery_1</perk>
			<perk>Gunnery_2</perk>
			<perk>Gunnery_3</perk>
			<perk>Missiles_Rockets</perk>
			<perk>Missiles_2</perk>
			<perk>Missiles_3</perk>
			<perk>Systems_1</perk>
			<perk>Systems_2</perk>
			<perk>AI</perk>
		</PerkDefines>
	</GamePilot>
	<GamePilot name="CopyHero">
		<callsign>#M_pilot_Name_CopyHero</callsign>
		<full_name>CopyHero</full_name>
		<upkeep/>
		<background>CopyHero</background>
		<face_texture>hero-1-</face_texture>
		<sign_texture>IconHero</sign_texture>
		<piloting>10</piloting>
		<guns>10</guns>
		<rockets>10</rockets>
		<electronic_warfare>10</electronic_warfare>
		<kills/>
		<points/>
		<morale>1</morale>
		<mapping_name/>
		<PerkDefines>
			<perk>Piloting_1</perk>
			<perk>Piloting_2</perk>
			<perk>Piloting_3</perk>
			<perk>Piloting_4</perk>
			<perk>Piloting_5</perk>
			<perk>Gunnery_1</perk>
			<perk>Gunnery_2</perk>
			<perk>Gunnery_3</perk>
			<perk>Missiles_Rockets</perk>
			<perk>Missiles_2</perk>
			<perk>Missiles_3</perk>
			<perk>Systems_1</perk>
			<perk>Systems_2</perk>
			<perk>AI</perk>
		</PerkDefines>
	</GamePilot>
	<GamePilot name="CopyAstra">
		<callsign>#M_pilot_Name_CopyAstra</callsign>
		<full_name>CopyAstra</full_name>
		<upkeep/>
		<background>CopyAstra</background>
		<face_texture>astra</face_texture>
		<sign_texture>IconAstra</sign_texture>
		<piloting>10</piloting>
		<guns>10</guns>
		<rockets>10</rockets>
		<electronic_warfare>10</electronic_warfare>
		<kills/>
		<points/>
		<morale>1</morale>
		<mapping_name/>
		<PerkDefines>
			<perk>Piloting_1</perk>
			<perk>Piloting_2</perk>
			<perk>Piloting_3</perk>
			<perk>Piloting_4</perk>
			<perk>Gunnery_1</perk>
			<perk>Gunnery_2</perk>
			<perk>Gunnery_3</perk>
			<perk>Missiles_Rockets</perk>
			<perk>Missiles_2</perk>
			<perk>Missiles_3</perk>
			<perk>Systems_1</perk>
			<perk>Systems_2</perk>
			<perk>AI</perk>
		</PerkDefines>
	</GamePilot>
	<GamePilot name="AlienStd">
		<callsign>#M_pilot_Name_AlienStd</callsign>
		<full_name>Alien</full_name>
		<upkeep/>
		<background>Alien</background>
		<face_texture>Alien</face_texture>
		<sign_texture>IconAlien</sign_texture>
		<piloting>10</piloting>
		<guns>10</guns>
		<rockets>10</rockets>
		<electronic_warfare>10</electronic_warfare>
		<kills/>
		<points/>
		<morale/>
		<mapping_name/>
		<PerkDefines>
			<perk>Piloting_1</perk>
			<perk>Gunnery_1</perk>
			<perk>Missiles_Rockets</perk>
			<perk>Alien</perk>
		</PerkDefines>
	</GamePilot>
	<GamePilot name="AlienTough">
		<callsign>#M_pilot_Name_AlienTough</callsign>
		<full_name>Alien</full_name>
		<upkeep/>
		<background>Alien</background>
		<face_texture>Alien</face_texture>
		<sign_texture>IconAlien</sign_texture>
		<piloting>10</piloting>
		<guns>10</guns>
		<rockets>10</rockets>
		<electronic_warfare>10</electronic_warfare>
		<kills/>
		<points/>
		<morale/>
		<mapping_name/>
		<PerkDefines>
			<perk>Piloting_1</perk>
			<perk>Piloting_2</perk>
			<perk>Gunnery_1</perk>
			<perk>Gunnery_2</perk>
			<perk>Missiles_Rockets</perk>
			<perk>Missiles_2</perk>
			<perk>Systems_1</perk>
			<perk>Alien</perk>
		</PerkDefines>
	</GamePilot>
	<GamePilot name="AlienBoss">
		<callsign>#M_pilot_Name_AlienBoss</callsign>
		<full_name>Alien</full_name>
		<upkeep/>
		<background>Alien</background>
		<face_texture>Alien</face_texture>
		<sign_texture>IconAlien</sign_texture>
		<piloting>10</piloting>
		<guns>10</guns>
		<rockets>10</rockets>
		<electronic_warfare>10</electronic_warfare>
		<kills/>
		<points/>
		<morale/>
		<mapping_name/>
		<PerkDefines>
			<perk>Piloting_1</perk>
			<perk>Piloting_2</perk>
			<perk>Piloting_3</perk>
			<perk>Gunnery_1</perk>
			<perk>Gunnery_2</perk>
			<perk>Gunnery_3</perk>
			<perk>Missiles_Rockets</perk>
			<perk>Missiles_2</perk>
			<perk>Missiles_3</perk>
			<perk>Systems_1</perk>
			<perk>Systems_2</perk>
			<perk>Alien</perk>
		</PerkDefines>
	</GamePilot>
	<GamePilot name="Guardian">
		<callsign>#M_pilot_Name_Guardian</callsign>
		<full_name>Guardian</full_name>
		<upkeep/>
		<background>Guardian</background>
		<face_texture>noise</face_texture>
		<sign_texture>IconPred</sign_texture>
		<piloting>10</piloting>
		<guns>10</guns>
		<rockets>10</rockets>
		<electronic_warfare>10</electronic_warfare>
		<kills/>
		<points/>
		<morale/>
		<mapping_name/>
		<PerkDefines>
			<perk>Piloting_1</perk>
			<perk>Piloting_2</perk>
			<perk>Piloting_3</perk>
			<perk>Piloting_4</perk>
			<perk>Piloting_5</perk>
			<perk>Gunnery_1</perk>
			<perk>Gunnery_2</perk>
			<perk>Gunnery_3</perk>
			<perk>Missiles_Rockets</perk>
			<perk>Fearless</perk>
			<perk>Elite</perk>
			<perk>Systems_1</perk>
			<perk>Systems_2</perk>
			<perk>Alien</perk>
			<perk>Tactics</perk>
		</PerkDefines>
	</GamePilot>
	<GamePilot name="Autopilot_SH">
		<callsign>#M_pilot_Name_SH</callsign>
		<full_name>Autopilot</full_name>
		<upkeep/>
		<background/>
		<face_texture>noise</face_texture>
		<sign_texture>IconPred</sign_texture>
		<piloting>10</piloting>
		<guns>10</guns>
		<rockets>10</rockets>
		<electronic_warfare>10</electronic_warfare>
		<kills/>
		<points/>
		<morale>1</morale>
		<mapping_name/>
		<PerkDefines>
			<perk>Piloting_1</perk>
		</PerkDefines>
	</GamePilot>
	<GamePilot name="NAVYPilot">
		<callsign>#M_pilot_Name_NAVYPilot</callsign>
		<full_name>NAVY Pilot</full_name>
		<upkeep/>
		<background/>
		<face_texture>navi</face_texture>
		<sign_texture>IconNavy</sign_texture>
		<piloting>10</piloting>
		<guns>10</guns>
		<rockets>10</rockets>
		<electronic_warfare>10</electronic_warfare>
		<kills/>
		<points/>
		<morale>1</morale>
		<mapping_name/>
		<PerkDefines>
			<perk>Piloting_1</perk>
			<perk>Piloting_2</perk>
			<perk>Gunnery_1</perk>
			<perk>Gunnery_2</perk>
			<perk>Missiles_Rockets</perk>
			<perk>Systems_1</perk>
		</PerkDefines>
	</GamePilot>
	<GamePilot name="NAVYOfficer">
		<callsign>#M_pilot_Name_NAVYOfficer</callsign>
		<full_name>NAVY Officer</full_name>
		<upkeep/>
		<background/>
		<face_texture>navi</face_texture>
		<sign_texture>IconNavy</sign_texture>
		<piloting>10</piloting>
		<guns>10</guns>
		<rockets>10</rockets>
		<electronic_warfare>10</electronic_warfare>
		<kills/>
		<points/>
		<morale>1</morale>
		<mapping_name/>
		<PerkDefines>
			<perk>Piloting_1</perk>
			<perk>Piloting_2</perk>
			<perk>Tactics</perk>
			<perk>Gunnery_1</perk>
			<perk>Gunnery_2</perk>
			<perk>Missiles_Rockets</perk>
			<perk>Missiles_2</perk>
			<perk>Systems_1</perk>
			<perk>Countermeasures</perk>
		</PerkDefines>
	</GamePilot>
	<GamePilot name="NAVYAce">
		<callsign>#M_pilot_Name_NAVYAce</callsign>
		<full_name>NAVY Ace</full_name>
		<upkeep/>
		<background/>
		<face_texture>navi</face_texture>
		<sign_texture>IconNavy</sign_texture>
		<piloting>10</piloting>
		<guns>10</guns>
		<rockets>10</rockets>
		<electronic_warfare>10</electronic_warfare>
		<kills/>
		<points/>
		<morale>1</morale>
		<mapping_name/>
		<PerkDefines>
			<perk>Piloting_1</perk>
			<perk>Piloting_2</perk>
			<perk>Piloting_3</perk>
			<perk>Tactics</perk>
			<perk>Gunnery_1</perk>
			<perk>Gunnery_2</perk>
			<perk>Gunnery_3</perk>
			<perk>Missiles_Rockets</perk>
			<perk>Missiles_2</perk>
			<perk>Missiles_3</perk>
			<perk>Systems_1</perk>
			<perk>Countermeasures</perk>
			<perk>Countermeasures_Exp</perk>
		</PerkDefines>
	</GamePilot>
	<GamePilot name="USSEnforcer">
		<callsign>#M_pilot_Name_USSEnforcer</callsign>
		<full_name>USS Enforcer</full_name>
		<upkeep/>
		<background/>
		<face_texture>uss</face_texture>
		<sign_texture>IconUss</sign_texture>
		<piloting>10</piloting>
		<guns>10</guns>
		<rockets>10</rockets>
		<electronic_warfare>10</electronic_warfare>
		<kills/>
		<points/>
		<morale>1</morale>
		<mapping_name/>
		<PerkDefines>
			<perk>Piloting_1</perk>
			<perk>Gunnery_1</perk>
			<perk>Gunnery_2</perk>
			<perk>Missiles_Rockets</perk>
			<perk>Systems_1</perk>
		</PerkDefines>
	</GamePilot>
	<GamePilot name="USSOperative">
		<callsign>#M_pilot_Name_USSOperative</callsign>
		<full_name>USS Operative</full_name>
		<upkeep/>
		<background/>
		<face_texture>uss</face_texture>
		<sign_texture>IconUss</sign_texture>
		<piloting>10</piloting>
		<guns>10</guns>
		<rockets>10</rockets>
		<electronic_warfare>10</electronic_warfare>
		<kills/>
		<points/>
		<morale>1</morale>
		<mapping_name/>
		<PerkDefines>
			<perk>Piloting_1</perk>
			<perk>Piloting_2</perk>
			<perk>Tactics</perk>
			<perk>Gunnery_1</perk>
			<perk>Gunnery_2</perk>
			<perk>Missiles_Rockets</perk>
			<perk>Missiles_2</perk>
			<perk>Systems_1</perk>
			<perk>Countermeasures</perk>
		</PerkDefines>
	</GamePilot>
	<GamePilot name="USSAgent">
		<callsign>#M_pilot_Name_USSAgent</callsign>
		<full_name>USS Agent</full_name>
		<upkeep/>
		<background/>
		<face_texture>uss</face_texture>
		<sign_texture>IconUss</sign_texture>
		<piloting>10</piloting>
		<guns>10</guns>
		<rockets>10</rockets>
		<electronic_warfare>10</electronic_warfare>
		<kills/>
		<points/>
		<morale>1</morale>
		<mapping_name/>
		<PerkDefines>
			<perk>Piloting_1</perk>
			<perk>Piloting_2</perk>
			<perk>Piloting_3</perk>
			<perk>Tactics</perk>
			<perk>Gunnery_1</perk>
			<perk>Gunnery_2</perk>
			<perk>Gunnery_3</perk>
			<perk>Missiles_Rockets</perk>
			<perk>Missiles_2</perk>
			<perk>Systems_1</perk>
			<perk>Countermeasures</perk>
		</PerkDefines>
	</GamePilot>
	<GamePilot name="InocoEnforcer">
		<callsign>#M_pilot_Name_InocoEnforcer</callsign>
		<full_name>InoCo Enforcer</full_name>
		<upkeep/>
		<background/>
		<face_texture>Inoco</face_texture>
		<sign_texture>IconInoco</sign_texture>
		<piloting>10</piloting>
		<guns>10</guns>
		<rockets>10</rockets>
		<electronic_warfare>10</electronic_warfare>
		<kills/>
		<points/>
		<morale>1</morale>
		<mapping_name/>
		<PerkDefines>
			<perk>Piloting_1</perk>
			<perk>Gunnery_1</perk>
			<perk>Missiles_Rockets</perk>
			<perk>Systems_1</perk>
			<perk>Countermeasures</perk>
		</PerkDefines>
	</GamePilot>
	<GamePilot name="InocoOperative">
		<callsign>#M_pilot_Name_InocoOperative</callsign>
		<full_name>InoCo Operative</full_name>
		<upkeep/>
		<background/>
		<face_texture>Inoco</face_texture>
		<sign_texture>IconInoco</sign_texture>
		<piloting>10</piloting>
		<guns>10</guns>
		<rockets>10</rockets>
		<electronic_warfare>10</electronic_warfare>
		<kills/>
		<points/>
		<morale>1</morale>
		<mapping_name/>
		<PerkDefines>
			<perk>Piloting_1</perk>
			<perk>Piloting_2</perk>
			<perk>Tactics</perk>
			<perk>Gunnery_1</perk>
			<perk>Gunnery_2</perk>
			<perk>Missiles_Rockets</perk>
			<perk>Missiles_2</perk>
			<perk>Systems_1</perk>
			<perk>Systems_2</perk>
			<perk>Countermeasures</perk>
			<perk>Countermeasures_Exp</perk>
		</PerkDefines>
	</GamePilot>
	<GamePilot name="InocoAgent">
		<callsign>#M_pilot_Name_InocoAgent</callsign>
		<full_name>InoCo Agent</full_name>
		<upkeep/>
		<background/>
		<face_texture>Inoco</face_texture>
		<sign_texture>IconInoco</sign_texture>
		<piloting>10</piloting>
		<guns>10</guns>
		<rockets>10</rockets>
		<electronic_warfare>10</electronic_warfare>
		<kills/>
		<points/>
		<morale>1</morale>
		<mapping_name/>
		<PerkDefines>
			<perk>Piloting_1</perk>
			<perk>Piloting_2</perk>
			<perk>Piloting_3</perk>
			<perk>Tactics</perk>
			<perk>Gunnery_1</perk>
			<perk>Gunnery_2</perk>
			<perk>Gunnery_3</perk>
			<perk>Missiles_Rockets</perk>
			<perk>Missiles_2</perk>
			<perk>Systems_1</perk>
			<perk>Systems_2</perk>
			<perk>Countermeasures</perk>
			<perk>Countermeasures_Exp</perk>
		</PerkDefines>
	</GamePilot>
	<GamePilot name="TriadaThug">
		<callsign>#M_pilot_Name_TriadaThug</callsign>
		<full_name>Triada Thug</full_name>
		<upkeep/>
		<background/>
		<face_texture>Triada</face_texture>
		<sign_texture>IconTriada</sign_texture>
		<piloting>10</piloting>
		<guns>10</guns>
		<rockets>10</rockets>
		<electronic_warfare>10</electronic_warfare>
		<kills/>
		<points/>
		<morale>1</morale>
		<mapping_name/>
		<PerkDefines>
			<perk>Piloting_1</perk>
			<perk>Gunnery_1</perk>
			<perk>Gunnery_2</perk>
			<perk>Missiles_Rockets</perk>
			<perk>Missiles_2</perk>
			<perk>Systems_1</perk>
		</PerkDefines>
	</GamePilot>
	<GamePilot name="TriadaYakuza">
		<callsign>#M_pilot_Name_TriadaYakuza</callsign>
		<full_name>Triada Yakuza</full_name>
		<upkeep/>
		<background/>
		<face_texture>Triada</face_texture>
		<sign_texture>IconTriada</sign_texture>
		<piloting>10</piloting>
		<guns>10</guns>
		<rockets>10</rockets>
		<electronic_warfare>10</electronic_warfare>
		<kills/>
		<points/>
		<morale>1</morale>
		<mapping_name/>
		<PerkDefines>
			<perk>Piloting_1</perk>
			<perk>Piloting_2</perk>
			<perk>Piloting_3</perk>
			<perk>Gunnery_1</perk>
			<perk>Gunnery_2</perk>
			<perk>Gunnery_3</perk>
			<perk>Missiles_Rockets</perk>
			<perk>Missiles_2</perk>
			<perk>Systems_1</perk>
		</PerkDefines>
	</GamePilot>
	<GamePilot name="TriadaAgent">
		<callsign>#M_pilot_Name_TriadaAgent</callsign>
		<full_name>Triada Agent</full_name>
		<upkeep/>
		<background/>
		<face_texture>Triada</face_texture>
		<sign_texture>IconTriada</sign_texture>
		<piloting>10</piloting>
		<guns>10</guns>
		<rockets>10</rockets>
		<electronic_warfare>10</electronic_warfare>
		<kills/>
		<points/>
		<morale>1</morale>
		<mapping_name/>
		<PerkDefines>
			<perk>Piloting_1</perk>
			<perk>Piloting_2</perk>
			<perk>Piloting_3</perk>
			<perk>Piloting_4</perk>
			<perk>Tactics</perk>
			<perk>Gunnery_1</perk>
			<perk>Gunnery_2</perk>
			<perk>Gunnery_3</perk>
			<perk>Gunnery_4</perk>
			<perk>Missiles_Rockets</perk>
			<perk>Missiles_2</perk>
			<perk>Missiles_3</perk>
			<perk>Systems_1</perk>
			<perk>Countermeasures</perk>
		</PerkDefines>
	</GamePilot>
	<GamePilot name="Coriolis">
		<callsign>#M_pilot_Name_Coriolis</callsign>
		<full_name>Coriolis</full_name>
		<upkeep/>
		<background/>
		<face_texture>trade</face_texture>
		<sign_texture>IconTrader</sign_texture>
		<piloting>10</piloting>
		<guns>10</guns>
		<rockets>10</rockets>
		<electronic_warfare>10</electronic_warfare>
		<kills/>
		<points/>
		<morale>1</morale>
		<mapping_name/>
		<PerkDefines>
			<perk>Piloting_1</perk>
			<perk>Gunnery_1</perk>
			<perk>Missiles_Rockets</perk>
			<perk>Systems_1</perk>
		</PerkDefines>
	</GamePilot>
	<GamePilot name="Copernicus">
		<callsign>#M_pilot_Name_Copernicus</callsign>
		<full_name>Copernicus</full_name>
		<upkeep/>
		<background/>
		<face_texture>trade</face_texture>
		<sign_texture>IconTrader</sign_texture>
		<piloting>10</piloting>
		<guns>10</guns>
		<rockets>10</rockets>
		<electronic_warfare>10</electronic_warfare>
		<kills/>
		<points/>
		<morale>1</morale>
		<mapping_name/>
		<PerkDefines>
			<perk>Piloting_1</perk>
			<perk>Gunnery_1</perk>
			<perk>Missiles_Rockets</perk>
			<perk>Systems_1</perk>
		</PerkDefines>
	</GamePilot>
	<GamePilot name="Raymond">
		<callsign>#M_pilot_Name_Raymond</callsign>
		<full_name>#M_pilot_Name_Raymond</full_name>
		<upkeep/>
		<background>#M_pilot_Back_Raymond</background>
		<face_texture>Mercenary</face_texture>
		<sign_texture>IconPatrol</sign_texture>
		<piloting>10</piloting>
		<guns>10</guns>
		<rockets>10</rockets>
		<electronic_warfare>10</electronic_warfare>
		<kills/>
		<points/>
		<morale/>
		<mapping_name/>
		<PerkDefines>
			<perk>Piloting_1</perk>
			<perk>Gunnery_1</perk>
			<perk>Missiles_Rockets</perk>
			<perk>Systems_1</perk>
		</PerkDefines>
	</GamePilot>
	<GamePilot name="Miner">
		<callsign>#M_pilot_Name_Miner</callsign>
		<full_name>Miner</full_name>
		<upkeep/>
		<background/>
		<face_texture>trade</face_texture>
		<sign_texture>IconTrader</sign_texture>
		<piloting>10</piloting>
		<guns>10</guns>
		<rockets>10</rockets>
		<electronic_warfare>10</electronic_warfare>
		<kills/>
		<points/>
		<morale>1</morale>
		<mapping_name/>
		<PerkDefines>
			<perk>Piloting_1</perk>
			<perk>Gunnery_1</perk>
			<perk>Missiles_Rockets</perk>
			<perk>Systems_1</perk>
		</PerkDefines>
	</GamePilot>
	<GamePilot name="Oxygen">
		<callsign>#M_pilot_Name_Oxygen</callsign>
		<full_name>Oxygen Freespace Plant</full_name>
		<upkeep/>
		<background/>
		<face_texture>trade</face_texture>
		<sign_texture>IconTrader</sign_texture>
		<piloting>10</piloting>
		<guns>10</guns>
		<rockets>10</rockets>
		<electronic_warfare>10</electronic_warfare>
		<kills/>
		<points/>
		<morale>1</morale>
		<mapping_name/>
		<PerkDefines>
			<perk>Piloting_1</perk>
			<perk>Gunnery_1</perk>
			<perk>Missiles_Rockets</perk>
			<perk>Systems_1</perk>
		</PerkDefines>
	</GamePilot>
	<GamePilot name="Abandoned_Factory">
		<callsign>#M_pilot_Abandoned_Factory</callsign>
		<full_name>Abandoned_Factory</full_name>
		<upkeep/>
		<background/>
		<face_texture>noise</face_texture>
		<sign_texture>IconTrader</sign_texture>
		<piloting>10</piloting>
		<guns>10</guns>
		<rockets>10</rockets>
		<electronic_warfare>10</electronic_warfare>
		<kills/>
		<points/>
		<morale>1</morale>
		<mapping_name/>
		<PerkDefines>
			<perk>Piloting_1</perk>
			<perk>Gunnery_1</perk>
			<perk>Missiles_Rockets</perk>
			<perk>Systems_1</perk>
		</PerkDefines>
	</GamePilot>
	<GamePilot name="PirateTrader">
		<callsign>#M_pilot_Name_PirateTrader</callsign>
		<full_name>Pirate Trader</full_name>
		<upkeep/>
		<background/>
		<face_texture>pirate</face_texture>
		<sign_texture>IconPirate</sign_texture>
		<piloting>10</piloting>
		<guns>10</guns>
		<rockets>10</rockets>
		<electronic_warfare>10</electronic_warfare>
		<kills/>
		<points/>
		<morale/>
		<mapping_name/>
		<PerkDefines>
			<perk>Piloting_1</perk>
			<perk>Gunnery_1</perk>
			<perk>Missiles_Rockets</perk>
			<perk>Systems_1</perk>
		</PerkDefines>
	</GamePilot>
	<GamePilot name="PirateOutpost">
		<callsign>#M_pilot_Name_PirateOutpost</callsign>
		<full_name>Pirate Outpost</full_name>
		<upkeep/>
		<background/>
		<face_texture>pirate</face_texture>
		<sign_texture>IconPirate</sign_texture>
		<piloting>10</piloting>
		<guns>10</guns>
		<rockets>10</rockets>
		<electronic_warfare>10</electronic_warfare>
		<kills/>
		<points/>
		<morale/>
		<mapping_name/>
		<PerkDefines>
			<perk>Piloting_1</perk>
			<perk>Gunnery_1</perk>
			<perk>Missiles_Rockets</perk>
			<perk>Systems_1</perk>
		</PerkDefines>
	</GamePilot>
	<GamePilot name="Traf">
		<callsign>#M_pilot_Name_Traf</callsign>
		<full_name>Kim Shumov</full_name>
		<upkeep/>
		<background/>
		<face_texture>Triada</face_texture>
		<sign_texture>IconTriada</sign_texture>
		<piloting>10</piloting>
		<guns>10</guns>
		<rockets>10</rockets>
		<electronic_warfare>10</electronic_warfare>
		<kills/>
		<points/>
		<morale/>
		<mapping_name/>
		<PerkDefines>
			<perk>Piloting_1</perk>
			<perk>Gunnery_1</perk>
			<perk>Missiles_Rockets</perk>
			<perk>Systems_1</perk>
		</PerkDefines>
	</GamePilot>
	<GamePilot name="Hint">
		<callsign>#M_pilot_Name_Hint</callsign>
		<full_name>Hint</full_name>
		<upkeep/>
		<background/>
		<face_texture>noname</face_texture>
		<sign_texture>IconTrader</sign_texture>
		<piloting>10</piloting>
		<guns>10</guns>
		<rockets>10</rockets>
		<electronic_warfare>10</electronic_warfare>
		<kills/>
		<points/>
		<morale/>
		<mapping_name/>
		<PerkDefines>
			<perk>Piloting_1</perk>
			<perk>Gunnery_1</perk>
			<perk>Missiles_Rockets</perk>
			<perk>Systems_1</perk>
		</PerkDefines>
	</GamePilot>
	<GamePilot name="AndreaBurns">
		<callsign>#M_pilot_Name_AndreaBurns</callsign>
		<full_name>Andrea Burns</full_name>
		<upkeep/>
		<background/>
		<face_texture>noise</face_texture>
		<sign_texture>IconWildHunt</sign_texture>
		<piloting>10</piloting>
		<guns>10</guns>
		<rockets>10</rockets>
		<electronic_warfare>10</electronic_warfare>
		<kills/>
		<points/>
		<morale/>
		<mapping_name/>
		<PerkDefines>
			<perk>Piloting_1</perk>
			<perk>Gunnery_1</perk>
			<perk>Missiles_Rockets</perk>
			<perk>Systems_1</perk>
		</PerkDefines>
	</GamePilot>
	<GamePilot name="MercBasePilot">
		<callsign>#M_pilot_Name_MercBasePilot</callsign>
		<full_name>MercMothership</full_name>
		<upkeep/>
		<background/>
		<face_texture>noise</face_texture>
		<sign_texture>IconWildHunt</sign_texture>
		<piloting>10</piloting>
		<guns>10</guns>
		<rockets>10</rockets>
		<electronic_warfare>10</electronic_warfare>
		<kills/>
		<points/>
		<morale>1</morale>
		<mapping_name/>
		<PerkDefines>
			<perk>Piloting_1</perk>
			<perk>Gunnery_1</perk>
			<perk>Systems_1</perk>
		</PerkDefines>
	</GamePilot>
	<GamePilot name="LSPlant">
		<callsign>#M_pilot_Name_LSPlant</callsign>
		<full_name>LS Proc. Plant</full_name>
		<upkeep/>
		<background/>
		<face_texture>LS</face_texture>
		<sign_texture>IconLS</sign_texture>
		<piloting>10</piloting>
		<guns>10</guns>
		<rockets>10</rockets>
		<electronic_warfare>10</electronic_warfare>
		<kills/>
		<points/>
		<morale/>
		<mapping_name/>
		<PerkDefines>
			<perk>Piloting_1</perk>
			<perk>Gunnery_1</perk>
			<perk>Missiles_Rockets</perk>
			<perk>Systems_1</perk>
		</PerkDefines>
	</GamePilot>
	<GamePilot name="LSOffice">
		<callsign>#M_pilot_Name_LSOffice</callsign>
		<full_name>LS Office</full_name>
		<upkeep/>
		<background/>
		<face_texture>LS</face_texture>
		<sign_texture>IconLS</sign_texture>
		<piloting>10</piloting>
		<guns>10</guns>
		<rockets>10</rockets>
		<electronic_warfare>10</electronic_warfare>
		<kills/>
		<points/>
		<morale/>
		<mapping_name/>
		<PerkDefines>
			<perk>Piloting_1</perk>
			<perk>Gunnery_1</perk>
			<perk>Missiles_Rockets</perk>
			<perk>Systems_1</perk>
		</PerkDefines>
	</GamePilot>
	<GamePilot name="Jon_B">
		<callsign>#M_pilot_Name_Jon_B</callsign>
		<full_name>John Buigle</full_name>
		<upkeep/>
		<background/>
		<face_texture>trade</face_texture>
		<sign_texture>IconTrader</sign_texture>
		<piloting>10</piloting>
		<guns>10</guns>
		<rockets>10</rockets>
		<electronic_warfare>10</electronic_warfare>
		<kills/>
		<points/>
		<morale>1</morale>
		<mapping_name/>
		<PerkDefines>
			<perk>Piloting_1</perk>
			<perk>Gunnery_1</perk>
		</PerkDefines>
	</GamePilot>
	<GamePilot name="CaptainHawkins">
		<callsign>#M_pilot_Name_CaptainHawkins</callsign>
		<full_name>Captain Hawkins</full_name>
		<upkeep/>
		<background/>
		<face_texture>navi</face_texture>
		<sign_texture>IconNavy</sign_texture>
		<piloting>10</piloting>
		<guns>10</guns>
		<rockets>10</rockets>
		<electronic_warfare>10</electronic_warfare>
		<kills/>
		<points/>
		<morale/>
		<mapping_name/>
		<PerkDefines>
			<perk>Piloting_1</perk>
			<perk>Gunnery_1</perk>
			<perk>Missiles_Rockets</perk>
			<perk>Systems_1</perk>
		</PerkDefines>
	</GamePilot>
	<GamePilot name="CaptainKidd">
		<callsign>#M_pilot_Name_CaptainKidd</callsign>
		<full_name>Captain Kidd</full_name>
		<upkeep/>
		<background/>
		<face_texture>pirate</face_texture>
		<sign_texture>IconPirate</sign_texture>
		<piloting>10</piloting>
		<guns>10</guns>
		<rockets>10</rockets>
		<electronic_warfare>10</electronic_warfare>
		<kills/>
		<points/>
		<morale/>
		<mapping_name/>
		<PerkDefines>
			<perk>Piloting_1</perk>
			<perk>Piloting_2</perk>
			<perk>Gunnery_1</perk>
			<perk>Gunnery_2</perk>
			<perk>Missiles_Rockets</perk>
			<perk>Systems_1</perk>
		</PerkDefines>
	</GamePilot>
	<GamePilot name="LtBakster">
		<callsign>#M_pilot_Name_LtBakster</callsign>
		<full_name>Lt Bakster</full_name>
		<upkeep/>
		<background/>
		<face_texture>patrol</face_texture>
		<sign_texture>IconPatrol</sign_texture>
		<piloting>10</piloting>
		<guns>10</guns>
		<rockets>10</rockets>
		<electronic_warfare>10</electronic_warfare>
		<kills/>
		<points/>
		<morale>1</morale>
		<mapping_name/>
		<PerkDefines>
			<perk>Piloting_1</perk>
			<perk>Gunnery_1</perk>
			<perk>Missiles_Rockets</perk>
			<perk>Systems_1</perk>
		</PerkDefines>
	</GamePilot>
	<GamePilot name="Ulisses">
		<callsign>#M_pilot_Name_Ulisses</callsign>
		<full_name>Ulysses</full_name>
		<upkeep/>
		<background/>
		<face_texture>patrol</face_texture>
		<sign_texture>IconPatrol</sign_texture>
		<piloting>10</piloting>
		<guns>10</guns>
		<rockets>10</rockets>
		<electronic_warfare>10</electronic_warfare>
		<kills/>
		<points/>
		<morale>1</morale>
		<mapping_name/>
		<PerkDefines>
			<perk>Piloting_1</perk>
			<perk>Gunnery_1</perk>
			<perk>Missiles_Rockets</perk>
			<perk>Systems_1</perk>
		</PerkDefines>
	</GamePilot>
	<GamePilot name="SpaceLab">
		<callsign>#M_pilot_Name_SpaceLab</callsign>
		<full_name>Space Lab</full_name>
		<upkeep/>
		<background/>
		<face_texture>trade</face_texture>
		<sign_texture>IconTrader</sign_texture>
		<piloting>10</piloting>
		<guns>10</guns>
		<rockets>10</rockets>
		<electronic_warfare>10</electronic_warfare>
		<kills/>
		<points/>
		<morale/>
		<mapping_name/>
		<PerkDefines>
			<perk>Piloting_1</perk>
			<perk>Gunnery_1</perk>
			<perk>Missiles_Rockets</perk>
			<perk>Systems_1</perk>
		</PerkDefines>
	</GamePilot>
	<GamePilot name="Fargusson">
		<callsign>#M_pilot_Name_Fargusson</callsign>
		<full_name>Fargusson</full_name>
		<upkeep/>
		<background/>
		<face_texture>navi</face_texture>
		<sign_texture>IconPatrol</sign_texture>
		<piloting>10</piloting>
		<guns>10</guns>
		<rockets>10</rockets>
		<electronic_warfare>10</electronic_warfare>
		<kills/>
		<points/>
		<morale/>
		<mapping_name/>
		<PerkDefines>
			<perk>Piloting_1</perk>
			<perk>Gunnery_1</perk>
			<perk>Missiles_Rockets</perk>
			<perk>Systems_1</perk>
		</PerkDefines>
	</GamePilot>
	<GamePilot name="Lambert">
		<callsign>#M_pilot_Name_Lambert</callsign>
		<full_name>Lambert</full_name>
		<upkeep/>
		<background/>
		<face_texture>trade</face_texture>
		<sign_texture>IconTrader</sign_texture>
		<piloting>10</piloting>
		<guns>10</guns>
		<rockets>10</rockets>
		<electronic_warfare>10</electronic_warfare>
		<kills/>
		<points/>
		<morale/>
		<mapping_name/>
		<PerkDefines>
			<perk>Piloting_1</perk>
			<perk>Gunnery_1</perk>
			<perk>Missiles_Rockets</perk>
			<perk>Systems_1</perk>
		</PerkDefines>
	</GamePilot>
	<GamePilot name="Admiral">
		<callsign>#M_pilot_Name_Admiral</callsign>
		<full_name>Admiral Silver</full_name>
		<upkeep/>
		<background/>
		<face_texture>navi</face_texture>
		<sign_texture>IconNavy</sign_texture>
		<piloting>10</piloting>
		<guns>10</guns>
		<rockets>10</rockets>
		<electronic_warfare>10</electronic_warfare>
		<kills/>
		<points/>
		<morale/>
		<mapping_name/>
		<PerkDefines>
			<perk>Piloting_1</perk>
			<perk>Gunnery_1</perk>
			<perk>Missiles_Rockets</perk>
			<perk>Systems_1</perk>
		</PerkDefines>
	</GamePilot>
	<GamePilot name="Pilot_Ino">
		<callsign>#M_pilot_Name_Pilot_Ino</callsign>
		<full_name>Inoco Pilot</full_name>
		<upkeep/>
		<background/>
		<face_texture>Inoco</face_texture>
		<sign_texture>IconInoco</sign_texture>
		<piloting>10</piloting>
		<guns>10</guns>
		<rockets>10</rockets>
		<electronic_warfare>10</electronic_warfare>
		<kills/>
		<points/>
		<morale/>
		<mapping_name/>
		<PerkDefines>
			<perk>Piloting_1</perk>
			<perk>Gunnery_1</perk>
			<perk>Missiles_Rockets</perk>
			<perk>Systems_1</perk>
		</PerkDefines>
	</GamePilot>
	<GamePilot name="LS_Turis">
		<callsign>#M_pilot_Name_LS_Turis</callsign>
		<full_name>LS-Turis</full_name>
		<upkeep/>
		<background/>
		<face_texture>LS</face_texture>
		<sign_texture>IconLS</sign_texture>
		<piloting>10</piloting>
		<guns>10</guns>
		<rockets>10</rockets>
		<electronic_warfare>10</electronic_warfare>
		<kills/>
		<points/>
		<morale/>
		<mapping_name/>
		<PerkDefines>
			<perk>Piloting_1</perk>
			<perk>Gunnery_1</perk>
			<perk>Missiles_Rockets</perk>
			<perk>Systems_1</perk>
		</PerkDefines>
	</GamePilot>
	<GamePilot name="LS_Neuro_BIO">
		<callsign>#M_pilot_Name_LS_Neuro_BIO</callsign>
		<full_name>LS Neuro-BIO</full_name>
		<upkeep/>
		<background/>
		<face_texture>LS</face_texture>
		<sign_texture>IconLS</sign_texture>
		<piloting>10</piloting>
		<guns>10</guns>
		<rockets>10</rockets>
		<electronic_warfare>10</electronic_warfare>
		<kills/>
		<points/>
		<morale/>
		<mapping_name/>
		<PerkDefines>
			<perk>Piloting_1</perk>
			<perk>Gunnery_1</perk>
			<perk>Missiles_Rockets</perk>
			<perk>Systems_1</perk>
		</PerkDefines>
	</GamePilot>
	<GamePilot name="LS_Central_Office">
		<callsign>#M_pilot_Name_LS_Central_Office</callsign>
		<full_name>LS Central Office</full_name>
		<upkeep/>
		<background/>
		<face_texture>LS</face_texture>
		<sign_texture>IconLS</sign_texture>
		<piloting>10</piloting>
		<guns>10</guns>
		<rockets>10</rockets>
		<electronic_warfare>10</electronic_warfare>
		<kills/>
		<points/>
		<morale/>
		<mapping_name/>
		<PerkDefines>
			<perk>Piloting_1</perk>
			<perk>Gunnery_1</perk>
			<perk>Missiles_Rockets</perk>
			<perk>Systems_1</perk>
		</PerkDefines>
	</GamePilot>
	<GamePilot name="LS_Station_West">
		<callsign>#M_pilot_Name_LS_Station_West</callsign>
		<full_name>LS Station West</full_name>
		<upkeep/>
		<background/>
		<face_texture>LS</face_texture>
		<sign_texture>IconLS</sign_texture>
		<piloting>10</piloting>
		<guns>10</guns>
		<rockets>10</rockets>
		<electronic_warfare>10</electronic_warfare>
		<kills/>
		<points/>
		<morale/>
		<mapping_name/>
		<PerkDefines>
			<perk>Piloting_1</perk>
			<perk>Gunnery_1</perk>
			<perk>Missiles_Rockets</perk>
			<perk>Systems_1</perk>
		</PerkDefines>
	</GamePilot>
	<GamePilot name="Automat">
		<callsign>#M_pilot_Automat</callsign>
		<full_name>Automat</full_name>
		<upkeep/>
		<background/>
		<face_texture>noise</face_texture>
		<sign_texture>IconPred</sign_texture>
		<piloting>10</piloting>
		<guns>10</guns>
		<rockets>10</rockets>
		<electronic_warfare>10</electronic_warfare>
		<kills/>
		<points/>
		<morale>1</morale>
		<mapping_name/>
		<PerkDefines>
			<perk>Piloting_1</perk>
			<perk>Gunnery_1</perk>
			<perk>Missiles_Rockets</perk>
			<perk>Systems_1</perk>
		</PerkDefines>
	</GamePilot>
	<GamePilot name="M_Ronalds">
		<callsign>#M_pilot_Name_M_Ronalds</callsign>
		<full_name>M_Ronalds</full_name>
		<upkeep/>
		<background/>
		<face_texture>Inoco</face_texture>
		<sign_texture>IconInoco</sign_texture>
		<piloting>10</piloting>
		<guns>10</guns>
		<rockets>10</rockets>
		<electronic_warfare>10</electronic_warfare>
		<kills/>
		<points/>
		<morale>1</morale>
		<mapping_name/>
		<PerkDefines>
			<perk>Piloting_1</perk>
			<perk>Piloting_2</perk>
			<perk>Tactics</perk>
			<perk>Gunnery_1</perk>
			<perk>Gunnery_2</perk>
			<perk>Missiles_Rockets</perk>
			<perk>Missiles_2</perk>
			<perk>Systems_1</perk>
			<perk>Countermeasures</perk>
		</PerkDefines>
	</GamePilot>
	<GamePilot name="StKretey">
		<callsign>#M_pilot_Name_StKretey</callsign>
		<full_name>StKretey</full_name>
		<upkeep/>
		<background/>
		<face_texture>navi</face_texture>
		<sign_texture>IconNavy</sign_texture>
		<piloting>10</piloting>
		<guns>10</guns>
		<rockets>10</rockets>
		<electronic_warfare>10</electronic_warfare>
		<kills/>
		<points/>
		<morale/>
		<mapping_name/>
		<PerkDefines>
			<perk>Piloting_1</perk>
			<perk>Gunnery_1</perk>
			<perk>Missiles_Rockets</perk>
			<perk>Systems_1</perk>
		</PerkDefines>
	</GamePilot>
	<GamePilot name="Jorden">
		<callsign>#M_pilot_Name_Jorden</callsign>
		<full_name>Jorden</full_name>
		<upkeep/>
		<background/>
		<face_texture>Inoco</face_texture>
		<sign_texture>IconInoco</sign_texture>
		<piloting>10</piloting>
		<guns>10</guns>
		<rockets>10</rockets>
		<electronic_warfare>10</electronic_warfare>
		<kills/>
		<points/>
		<morale>1</morale>
		<mapping_name/>
		<PerkDefines>
			<perk>Piloting_1</perk>
			<perk>Piloting_2</perk>
			<perk>Tactics</perk>
			<perk>Gunnery_1</perk>
			<perk>Gunnery_2</perk>
			<perk>Missiles_Rockets</perk>
			<perk>Missiles_2</perk>
			<perk>Systems_1</perk>
			<perk>Systems_2</perk>
			<perk>Countermeasures</perk>
			<perk>Countermeasures_Exp</perk>
		</PerkDefines>
	</GamePilot>
	<GamePilot name="VAdmVinker">
		<callsign>#M_pilot_Name_VAdmVinker</callsign>
		<full_name>Vice Admiral Vinker</full_name>
		<upkeep/>
		<background/>
		<face_texture>navi</face_texture>
		<sign_texture>IconNavy</sign_texture>
		<piloting>10</piloting>
		<guns>10</guns>
		<rockets>10</rockets>
		<electronic_warfare>10</electronic_warfare>
		<kills/>
		<points/>
		<morale>1</morale>
		<mapping_name/>
		<PerkDefines>
			<perk>Piloting_1</perk>
			<perk>Piloting_2</perk>
			<perk>Piloting_3</perk>
			<perk>Tactics</perk>
			<perk>Gunnery_1</perk>
			<perk>Gunnery_2</perk>
			<perk>Gunnery_3</perk>
			<perk>Missiles_Rockets</perk>
			<perk>Missiles_2</perk>
			<perk>Missiles_3</perk>
			<perk>Systems_1</perk>
			<perk>Countermeasures</perk>
			<perk>Countermeasures_Exp</perk>
		</PerkDefines>
	</GamePilot>
	<GamePilot name="PirateAdmiral">
		<callsign>#M_pilot_Name_PirateAdmiral</callsign>
		<full_name>Pirate Captain</full_name>
		<upkeep/>
		<background/>
		<face_texture>admiral-goner</face_texture>
		<sign_texture>IconPirate</sign_texture>
		<piloting>10</piloting>
		<guns>10</guns>
		<rockets>10</rockets>
		<electronic_warfare>10</electronic_warfare>
		<kills/>
		<points/>
		<morale>1</morale>
		<mapping_name/>
		<PerkDefines>
			<perk>Piloting_1</perk>
			<perk>Piloting_2</perk>
			<perk>Piloting_3</perk>
			<perk>Gunnery_1</perk>
			<perk>Gunnery_2</perk>
			<perk>Gunnery_3</perk>
			<perk>Missiles_Rockets</perk>
			<perk>Missiles_2</perk>
			<perk>Systems_1</perk>
		</PerkDefines>
	</GamePilot>
	<GamePilot name="OldAdmiral">
		<callsign>#M_pilot_OldAdmiral</callsign>
		<full_name>Old Admiral</full_name>
		<upkeep/>
		<background/>
		<face_texture>admiral</face_texture>
		<sign_texture>IconNavy</sign_texture>
		<piloting>10</piloting>
		<guns>10</guns>
		<rockets>10</rockets>
		<electronic_warfare>10</electronic_warfare>
		<kills/>
		<points/>
		<morale>1</morale>
		<mapping_name/>
		<PerkDefines>
			<perk>Piloting_1</perk>
			<perk>Piloting_2</perk>
			<perk>Piloting_3</perk>
			<perk>Tactics</perk>
			<perk>Gunnery_1</perk>
			<perk>Gunnery_2</perk>
			<perk>Gunnery_3</perk>
			<perk>Missiles_Rockets</perk>
			<perk>Systems_1</perk>
			<perk>Systems_2</perk>
			<perk>Countermeasures</perk>
			<perk>Countermeasures_Exp</perk>
		</PerkDefines>
	</GamePilot>
	<GamePilot name="Lars">
		<callsign>#M_pilot_Name_Lars</callsign>
		<full_name>William Lars</full_name>
		<upkeep/>
		<background/>
		<face_texture>Inoco</face_texture>
		<sign_texture>IconInoco</sign_texture>
		<piloting>10</piloting>
		<guns>10</guns>
		<rockets>10</rockets>
		<electronic_warfare>10</electronic_warfare>
		<kills/>
		<points/>
		<morale>1</morale>
		<mapping_name/>
		<PerkDefines>
			<perk>Piloting_1</perk>
			<perk>Piloting_2</perk>
			<perk>Tactics</perk>
			<perk>Gunnery_1</perk>
			<perk>Gunnery_2</perk>
			<perk>Missiles_Rockets</perk>
			<perk>Missiles_2</perk>
			<perk>Systems_1</perk>
			<perk>Countermeasures</perk>
		</PerkDefines>
	</GamePilot>
	<GamePilot name="Goner">
		<callsign>#M_pilot_Name_Goner</callsign>
		<full_name>pilot Goner</full_name>
		<upkeep/>
		<background/>
		<face_texture>pirate</face_texture>
		<sign_texture>IconPirate</sign_texture>
		<piloting>10</piloting>
		<guns>10</guns>
		<rockets>10</rockets>
		<electronic_warfare>10</electronic_warfare>
		<kills/>
		<points/>
		<morale>1</morale>
		<mapping_name/>
		<PerkDefines>
			<perk>Piloting_1</perk>
			<perk>Piloting_2</perk>
			<perk>Piloting_3</perk>
			<perk>Gunnery_1</perk>
			<perk>Gunnery_2</perk>
			<perk>Gunnery_3</perk>
			<perk>Missiles_Rockets</perk>
			<perk>Missiles_2</perk>
			<perk>Systems_1</perk>
		</PerkDefines>
	</GamePilot>
	<GamePilot name="GonerAdmiral">
		<callsign>#M_pilot_Name_GonerAdmiral</callsign>
		<full_name>Goner Admiral</full_name>
		<upkeep/>
		<background/>
		<face_texture>admiral-goner</face_texture>
		<sign_texture>IconPirate</sign_texture>
		<piloting>10</piloting>
		<guns>10</guns>
		<rockets>10</rockets>
		<electronic_warfare>10</electronic_warfare>
		<kills/>
		<points/>
		<morale>1</morale>
		<mapping_name/>
		<PerkDefines>
			<perk>Piloting_1</perk>
			<perk>Piloting_2</perk>
			<perk>Piloting_3</perk>
			<perk>Tactics</perk>
			<perk>Gunnery_1</perk>
			<perk>Gunnery_2</perk>
			<perk>Gunnery_3</perk>
			<perk>Missiles_Rockets</perk>
			<perk>Systems_1</perk>
			<perk>Systems_2</perk>
			<perk>Countermeasures</perk>
			<perk>Countermeasures_Exp</perk>
		</PerkDefines>
	</GamePilot>
	<GamePilot name="Contraband">
		<callsign>#M_pilot_Name_Contraband</callsign>
		<full_name>Contrabandist</full_name>
		<upkeep/>
		<background/>
		<face_texture>pirate</face_texture>
		<sign_texture>IconPirate</sign_texture>
		<piloting>10</piloting>
		<guns>10</guns>
		<rockets>10</rockets>
		<electronic_warfare>10</electronic_warfare>
		<kills/>
		<points/>
		<morale>1</morale>
		<mapping_name/>
		<PerkDefines>
			<perk>Piloting_1</perk>
			<perk>Gunnery_1</perk>
			<perk>Missiles_Rockets</perk>
			<perk>Systems_1</perk>
			<perk>Countermeasures</perk>
		</PerkDefines>
	</GamePilot>
	<GamePilot name="Cleric">
		<callsign>#M_pilot_Name_Cleric</callsign>
		<full_name>Cleric</full_name>
		<upkeep/>
		<background/>
		<face_texture>cleric</face_texture>
		<sign_texture>IconPirate</sign_texture>
		<piloting>10</piloting>
		<guns>10</guns>
		<rockets>10</rockets>
		<electronic_warfare>10</electronic_warfare>
		<kills/>
		<points/>
		<morale>1</morale>
		<mapping_name/>
		<PerkDefines>
			<perk>Piloting_1</perk>
			<perk>Gunnery_1</perk>
			<perk>Missiles_Rockets</perk>
			<perk>Systems_1</perk>
			<perk>Countermeasures</perk>
		</PerkDefines>
	</GamePilot>
	<GamePilot name="Vincent">
		<callsign>#M_pilot_Name_Vincent</callsign>
		<full_name>Vincent</full_name>
		<upkeep/>
		<background/>
		<face_texture>vincent</face_texture>
		<sign_texture>IconPirate</sign_texture>
		<piloting>10</piloting>
		<guns>10</guns>
		<rockets>10</rockets>
		<electronic_warfare>10</electronic_warfare>
		<kills/>
		<points/>
		<morale>1</morale>
		<mapping_name/>
		<PerkDefines>
			<perk>Piloting_1</perk>
			<perk>Gunnery_1</perk>
			<perk>Missiles_Rockets</perk>
			<perk>Systems_1</perk>
			<perk>Countermeasures</perk>
		</PerkDefines>
	</GamePilot>
	<GamePilot name="Heretic2">
		<callsign>#M_pilot_Name_Heretic</callsign>
		<full_name>#M_pilot_FName_Heretic</full_name>
		<upkeep/>
		<background>#M_pilot_Back_Heretic</background>
		<face_texture>heretic</face_texture>
		<sign_texture>IconHeretic</sign_texture>
		<piloting>10</piloting>
		<guns>10</guns>
		<rockets>10</rockets>
		<electronic_warfare>10</electronic_warfare>
		<kills/>
		<points>900</points>
		<morale>1</morale>
		<mapping_name>Heretic_perk</mapping_name>
		<PerkDefines>
			<perk>Piloting_1</perk>
			<perk>Gunnery_1</perk>
			<perk>Systems_1</perk>
		</PerkDefines>
	</GamePilot>
	<GamePilot name="Corsair2">
		<callsign>#M_pilot_Name_Corsair</callsign>
		<full_name>#M_pilot_FName_Corsair</full_name>
		<upkeep/>
		<background>#M_pilot_Back_Corsair</background>
		<face_texture>corsair</face_texture>
		<sign_texture>IconCorsair</sign_texture>
		<piloting>10</piloting>
		<guns>10</guns>
		<rockets>10</rockets>
		<electronic_warfare>10</electronic_warfare>
		<kills/>
		<points>900</points>
		<morale>1</morale>
		<mapping_name>Corsair_perk</mapping_name>
		<PerkDefines>
			<perk>Piloting_1</perk>
			<perk>Gunnery_1</perk>
			<perk>Missiles_Rockets</perk>
			<perk>Missiles_2</perk>
			<perk>missile_salvo_1</perk>
		</PerkDefines>
	</GamePilot>
</Pilots>
