<?xml version="1.0" encoding="UTF-8"?>
<!-- (XBOW) -->
<Rockets xmlns:xsi="http://www.w3.org/2001/XMLSchema-instance" xsi:noNamespaceSchemaLocation="..\XMLSchema\Rockets.xsd">
	<RocketCarcass name="simple_rocket">
		<short_name>#M_Name_DF</short_name>
		<hint>#M_Hint_DF</hint>
		<short_desc/>
		<long_desc>#M_Name_DF</long_desc>
		<mesh_name>small_rocket</mesh_name>
		<flat_image/>
		<hit_points>10</hit_points>
		<mass>50</mass>
		<disable_trade/>
		<cost/>
		<technology/>
		<EPR>0.05</EPR>
		<explosion_script>rocket_explosion</explosion_script>
		<work_sound/>
		<silence/>
		<max_speed>35</max_speed>
		<steering_power>0.3</steering_power>
	</RocketCarcass>
	<RocketCarcass name="DF_M">
		<short_name>#M_Name_DF</short_name>
		<hint>#M_Hint_DF</hint>
		<short_desc/>
		<long_desc>#M_Name_DF</long_desc>
		<mesh_name>small_rocket</mesh_name>
		<flat_image/>
		<hit_points>10</hit_points>
		<mass>50</mass>
		<disable_trade/>
		<cost/>
		<technology/>
		<EPR>0.05</EPR>
		<explosion_script>rocket_explosion</explosion_script>
		<work_sound/>
		<silence/>
		<max_speed>40</max_speed>
		<steering_power>0.3</steering_power>
	</RocketCarcass>
	<RocketCarcass name="small_simple_rocket">
		<short_name>#M_Name_MM</short_name>
		<hint>#M_Hint_MM</hint>
		<short_desc/>
		<long_desc>#M_Name_MM</long_desc>
		<mesh_name>small_rocket2</mesh_name>
		<flat_image/>
		<hit_points>10</hit_points>
		<mass>25</mass>
		<disable_trade/>
		<cost/>
		<technology/>
		<EPR>0.05</EPR>
		<explosion_script>rocket_explosion</explosion_script>
		<work_sound/>
		<silence/>
		<max_speed>40</max_speed>
		<steering_power>0.3</steering_power>
	</RocketCarcass>
	<RocketCarcass name="Mini_missile_M">
		<short_name>#M_Name_MM</short_name>
		<hint>#M_Hint_MM</hint>
		<short_desc/>
		<long_desc>#M_Name_MM</long_desc>
		<mesh_name>small_rocket2</mesh_name>
		<flat_image/>
		<hit_points>10</hit_points>
		<mass>25</mass>
		<disable_trade/>
		<cost/>
		<technology/>
		<EPR>0.05</EPR>
		<explosion_script>rocket_explosion</explosion_script>
		<work_sound/>
		<silence/>
		<max_speed>50</max_speed>
		<steering_power>0.3</steering_power>
	</RocketCarcass>
	<RocketCarcass name="Mini_missile_SM3">
		<short_name>#M_Name_SM3</short_name>
		<hint>#M_Hint_SM3</hint>
		<short_desc/>
		<long_desc>#M_Name_SM3</long_desc>
		<mesh_name>small_rocket2</mesh_name>
		<flat_image/>
		<hit_points>10</hit_points>
		<mass>25</mass>
		<disable_trade/>
		<cost/>
		<technology/>
		<EPR>0.05</EPR>
		<explosion_script>rocket_explosion</explosion_script>
		<work_sound/>
		<silence/>
		<max_speed>60</max_speed>
		<steering_power>0.3</steering_power>
	</RocketCarcass>
	<RocketCarcass name="SRM1_M">
		<short_name>#M_Name_SRM1</short_name>
		<hint>#M_Hint_SRM1</hint>
		<short_desc/>
		<long_desc>#M_Name_SRM1</long_desc>
		<mesh_name>small_rocket</mesh_name>
		<flat_image/>
		<hit_points>10</hit_points>
		<mass>50</mass>
		<disable_trade/>
		<cost/>
		<technology/>
		<EPR>0.05</EPR>
		<explosion_script>rocket_explosion</explosion_script>
		<work_sound/>
		<silence/>
		<max_speed>35</max_speed>
		<steering_power>0.3</steering_power>
	</RocketCarcass>
	<RocketCarcass name="SRM2_M">
		<short_name>#M_Name_SRM2</short_name>
		<hint>#M_Hint_SRM2</hint>
		<short_desc/>
		<long_desc>#M_Name_SRM2</long_desc>
		<mesh_name>small_rocket</mesh_name>
		<flat_image/>
		<hit_points>10</hit_points>
		<mass>50</mass>
		<disable_trade/>
		<cost/>
		<technology/>
		<EPR>0.05</EPR>
		<explosion_script>rocket_explosion</explosion_script>
		<work_sound/>
		<silence/>
		<max_speed>35</max_speed>
		<steering_power>0.3</steering_power>
	</RocketCarcass>
	<RocketCarcass name="SRM3_M">
		<short_name>#M_Name_SRM3</short_name>
		<hint>#M_Hint_SRM3</hint>
		<short_desc/>
		<long_desc>#M_Name_SRM3</long_desc>
		<mesh_name>small_rocket</mesh_name>
		<flat_image/>
		<hit_points>10</hit_points>
		<mass>50</mass>
		<disable_trade/>
		<cost/>
		<technology/>
		<EPR>0.05</EPR>
		<explosion_script>rocket_explosion</explosion_script>
		<work_sound/>
		<silence/>
		<max_speed>35</max_speed>
		<steering_power>0.3</steering_power>
	</RocketCarcass>
	<RocketCarcass name="SRM4_M">
		<short_name>#M_Name_SRM4</short_name>
		<hint>#M_Hint_SRM4</hint>
		<short_desc/>
		<long_desc>#M_Name_SRM4</long_desc>
		<mesh_name>small_rocket</mesh_name>
		<flat_image/>
		<hit_points>10</hit_points>
		<mass>50</mass>
		<disable_trade/>
		<cost/>
		<technology/>
		<EPR>0.05</EPR>
		<explosion_script>rocket_explosion</explosion_script>
		<work_sound/>
		<silence/>
		<max_speed>35</max_speed>
		<steering_power>0.3</steering_power>
	</RocketCarcass>
	<RocketCarcass name="AlienSRM_M">
		<short_name>#M_Name_AlienSRM</short_name>
		<hint>#M_Hint_AlienSRM</hint>
		<short_desc/>
		<long_desc>#M_Name_AlienSRM</long_desc>
		<mesh_name>A_Rocket</mesh_name>
		<flat_image/>
		<hit_points>10</hit_points>
		<mass>50</mass>
		<disable_trade/>
		<cost/>
		<technology/>
		<EPR>0.05</EPR>
		<explosion_script>rocket_explosion</explosion_script>
		<work_sound/>
		<silence/>
		<max_speed>35</max_speed>
		<steering_power>0.3</steering_power>
	</RocketCarcass>
	<RocketCarcass name="LRM1_M">
		<short_name>#M_Name_LRM1</short_name>
		<hint>#M_Hint_LRM1</hint>
		<short_desc/>
		<long_desc>#M_Name_LRM1</long_desc>
		<mesh_name>small_rocket</mesh_name>
		<flat_image/>
		<hit_points>10</hit_points>
		<mass>50</mass>
		<disable_trade/>
		<cost/>
		<technology/>
		<EPR>0.05</EPR>
		<explosion_script>rocket_explosion</explosion_script>
		<work_sound/>
		<silence/>
		<max_speed>35</max_speed>
		<steering_power>0.3</steering_power>
	</RocketCarcass>
	<RocketCarcass name="LRM2_M">
		<short_name>#M_Name_LRM2</short_name>
		<hint>#M_Hint_LRM2</hint>
		<short_desc/>
		<long_desc>#M_Hint_LRM2</long_desc>
		<mesh_name>small_rocket</mesh_name>
		<flat_image/>
		<hit_points>10</hit_points>
		<mass>50</mass>
		<disable_trade/>
		<cost/>
		<technology/>
		<EPR>0.05</EPR>
		<explosion_script>rocket_explosion</explosion_script>
		<work_sound/>
		<silence/>
		<max_speed>35</max_speed>
		<steering_power>0.3</steering_power>
	</RocketCarcass>
	<RocketCarcass name="LRM3_M">
		<short_name>#M_Name_LRM3</short_name>
		<hint>#M_Hint_LRM3</hint>
		<short_desc/>
		<long_desc>#M_Name_LRM3</long_desc>
		<mesh_name>small_rocket</mesh_name>
		<flat_image/>
		<hit_points>10</hit_points>
		<mass>50</mass>
		<disable_trade/>
		<cost/>
		<technology/>
		<EPR>0.05</EPR>
		<explosion_script>rocket_explosion</explosion_script>
		<work_sound/>
		<silence/>
		<max_speed>35</max_speed>
		<steering_power>0.3</steering_power>
	</RocketCarcass>
	<RocketCarcass name="T1_M">
		<short_name>#M_Name_T1</short_name>
		<hint>#M_Hint_T1</hint>
		<short_desc/>
		<long_desc>#M_Name_T1</long_desc>
		<mesh_name>Torpedo</mesh_name>
		<flat_image/>
		<hit_points>10</hit_points>
		<mass>2000</mass>
		<disable_trade/>
		<cost/>
		<technology/>
		<EPR>0.05</EPR>
		<explosion_script>Torpedo_explosion</explosion_script>
		<work_sound/>
		<silence/>
		<max_speed>23</max_speed>
		<steering_power>0.1</steering_power>
	</RocketCarcass>
	<RocketCarcass name="T2_M">
		<short_name>#M_Name_T2</short_name>
		<hint>#M_Hint_T2</hint>
		<short_desc/>
		<long_desc>#M_Name_T2</long_desc>
		<mesh_name>Torpedo</mesh_name>
		<flat_image/>
		<hit_points>10</hit_points>
		<mass>2000</mass>
		<disable_trade/>
		<cost/>
		<technology/>
		<EPR>0.05</EPR>
		<explosion_script>Torpedo_explosion</explosion_script>
		<work_sound/>
		<silence/>
		<max_speed>23</max_speed>
		<steering_power>0.1</steering_power>
	</RocketCarcass>
	<RocketCarcass name="T3_M">
		<short_name>#M_Name_T3</short_name>
		<hint>#M_Hint_T3</hint>
		<short_desc/>
		<long_desc>#M_Name_T3</long_desc>
		<mesh_name>Torpedo</mesh_name>
		<flat_image/>
		<hit_points>10</hit_points>
		<mass>2000</mass>
		<disable_trade/>
		<cost/>
		<technology/>
		<EPR>0.05</EPR>
		<explosion_script>Torpedo_explosion</explosion_script>
		<work_sound/>
		<silence/>
		<max_speed>30</max_speed>
		<steering_power>0.5</steering_power>
	</RocketCarcass>
	<RocketCarcass name="MIRV_WH">
		<short_name>#M_Name_MIRV1</short_name>
		<hint>#M_Hint_MIRV1</hint>
		<short_desc/>
		<long_desc>#M_Name_MIRV1</long_desc>
		<mesh_name>small_rocket</mesh_name>
		<flat_image/>
		<hit_points>10</hit_points>
		<mass>30</mass>
		<disable_trade/>
		<cost/>
		<technology/>
		<EPR>0.05</EPR>
		<explosion_script>rocket_explosion</explosion_script>
		<work_sound/>
		<silence/>
		<max_speed>35</max_speed>
		<steering_power>0.3</steering_power>
	</RocketCarcass>
	<RocketCarcass name="homing_rocket">
		<short_name>#M_Name_SRM1</short_name>
		<hint>#M_Hint_SRM1</hint>
		<short_desc/>
		<long_desc>#M_Name_SRM1</long_desc>
		<mesh_name>small_rocket</mesh_name>
		<flat_image/>
		<hit_points>10</hit_points>
		<mass>50</mass>
		<disable_trade/>
		<cost/>
		<technology/>
		<EPR>0.05</EPR>
		<explosion_script>rocket_explosion</explosion_script>
		<work_sound/>
		<silence/>
		<max_speed>35</max_speed>
		<steering_power>0.3</steering_power>
	</RocketCarcass>
	<RocketCarcass name="MIRV1_M">
		<short_name>#M_Name_MIRV1</short_name>
		<hint>#M_Hint_MIRV1</hint>
		<short_desc/>
		<long_desc>#M_Name_MIRV1</long_desc>
		<mesh_name>Torpedo</mesh_name>
		<flat_image/>
		<hit_points>10</hit_points>
		<mass>75</mass>
		<disable_trade/>
		<cost/>
		<technology/>
		<EPR>0.05</EPR>
		<explosion_script>rocket_explosion</explosion_script>
		<work_sound/>
		<silence/>
		<max_speed>25</max_speed>
		<steering_power>0.3</steering_power>
	</RocketCarcass>
	<RocketCarcass name="MIRV2_M">
		<short_name>#M_Name_MIRV2</short_name>
		<hint>#M_Hint_MIRV2</hint>
		<short_desc/>
		<long_desc>#M_Name_MIRV2</long_desc>
		<mesh_name>Torpedo</mesh_name>
		<flat_image/>
		<hit_points>10</hit_points>
		<mass>75</mass>
		<disable_trade/>
		<cost/>
		<technology/>
		<EPR>0.05</EPR>
		<explosion_script>rocket_explosion</explosion_script>
		<work_sound/>
		<silence/>
		<max_speed>25</max_speed>
		<steering_power>0.3</steering_power>
	</RocketCarcass>
	<RocketCarcass name="MIRV3_M">
		<short_name>#M_Name_MIRV3</short_name>
		<hint>#M_Hint_MIRV3</hint>
		<short_desc/>
		<long_desc>#M_Name_MIRV3</long_desc>
		<mesh_name>Torpedo</mesh_name>
		<flat_image/>
		<hit_points>10</hit_points>
		<mass>75</mass>
		<disable_trade/>
		<cost/>
		<technology/>
		<EPR>0.05</EPR>
		<explosion_script>rocket_explosion</explosion_script>
		<work_sound/>
		<silence/>
		<max_speed>30</max_speed>
		<steering_power>0.5</steering_power>
	</RocketCarcass>
	<RocketCarcass name="AlienPoison_M">
		<short_name>Alien Poison Torpedo</short_name>
		<hint>Alien Poison Torpedo</hint>
		<short_desc/>
		<long_desc>Alien Poison Torpedo</long_desc>
		<mesh_name>A_Torpedo</mesh_name>
		<flat_image/>
		<hit_points>10</hit_points>
		<mass>75</mass>
		<disable_trade/>
		<cost/>
		<technology/>
		<EPR>0.05</EPR>
		<explosion_script>alien_torpedo</explosion_script>
		<work_sound/>
		<silence/>
		<max_speed>25</max_speed>
		<steering_power>0.3</steering_power>
	</RocketCarcass>
	<DistanceDetonator name="std_dist_detonator">
		<time_to_live>9</time_to_live>
		<damage>30</damage>
		<explosion_distance>.5</explosion_distance>
	</DistanceDetonator>
	<DistanceDetonator name="small_dist_detonator">
		<time_to_live>9</time_to_live>
		<damage>20</damage>
		<explosion_distance>.5</explosion_distance>
	</DistanceDetonator>
	<DistanceDetonator name="Small_det">
		<time_to_live>10</time_to_live>
		<damage>50</damage>
		<explosion_distance>1.5</explosion_distance>
	</DistanceDetonator>
	<DistanceDetonator name="Std_det">
		<time_to_live>10</time_to_live>
		<damage>50</damage>
		<explosion_distance>1.5</explosion_distance>
	</DistanceDetonator>
	<DistanceDetonator name="Adv_det">
		<time_to_live>11</time_to_live>
		<damage>100</damage>
		<explosion_distance>1.5</explosion_distance>
	</DistanceDetonator>
	<DistanceDetonator name="Super_det">
		<time_to_live>12</time_to_live>
		<damage>150</damage>
		<explosion_distance>1.5</explosion_distance>
	</DistanceDetonator>
	<DistanceDetonator name="Ultra_det">
		<time_to_live>15</time_to_live>
		<damage>200</damage>
		<explosion_distance>1.5</explosion_distance>
	</DistanceDetonator>
	<DistanceDetonator name="LR_det">
		<time_to_live>30</time_to_live>
		<damage>75</damage>
		<explosion_distance>1.5</explosion_distance>
	</DistanceDetonator>
	<DistanceDetonator name="ALR_det">
		<time_to_live>35</time_to_live>
		<damage>200</damage>
		<explosion_distance>1.0</explosion_distance>
	</DistanceDetonator>
	<DistanceDetonator name="MLR_det">
		<time_to_live>35</time_to_live>
		<damage>150</damage>
		<explosion_distance>2.5</explosion_distance>
	</DistanceDetonator>
	<DistanceDetonator name="SLR_det">
		<time_to_live>40</time_to_live>
		<damage>300</damage>
		<explosion_distance>2.5</explosion_distance>
	</DistanceDetonator>
	<DistanceDetonator name="HLR_det">
		<time_to_live>50</time_to_live>
		<damage>500</damage>
		<explosion_distance>2.5</explosion_distance>
	</DistanceDetonator>
	<DistanceDetonator name="T1_det">
		<time_to_live>40</time_to_live>
		<damage>500</damage>
		<explosion_distance>4.0</explosion_distance>
	</DistanceDetonator>
	<DistanceDetonator name="T2_det">
		<time_to_live>50</time_to_live>
		<damage>1000</damage>
		<explosion_distance>6.0</explosion_distance>
	</DistanceDetonator>
	<DistanceDetonator name="T3_det">
		<time_to_live>50</time_to_live>
		<damage>2000</damage>
		<explosion_distance>8.0</explosion_distance>
	</DistanceDetonator>
	<DistanceDetonator name="MIRV_WH_det">
		<time_to_live>7</time_to_live>
		<damage>80</damage>
		<explosion_distance>1.5</explosion_distance>
	</DistanceDetonator>
	<DistanceDetonator name="MIRV_WH2_det">
		<time_to_live>12</time_to_live>
		<damage>120</damage>
		<explosion_distance>1.5</explosion_distance>
	</DistanceDetonator>
	<PoisonDetonator name="AlienPoisonDetonator">
		<time_to_live>15</time_to_live>
		<damage>50</damage>
		<explosion_distance>15</explosion_distance>
		<poisoned_area_radius>30</poisoned_area_radius>
		<poison_effect_duration>45</poison_effect_duration>
		<rate_of_poisoning>20</rate_of_poisoning>
	</PoisonDetonator>
	<MIRVDetonator name="std_mirv_detonator">
		<time_to_live>8</time_to_live>
		<damage>30</damage>
		<explosion_distance>20</explosion_distance>
		<missle_count>3</missle_count>
		<radius_search_target>30</radius_search_target>
		<RocketParams>
			<rocket_name>homing_rocket</rocket_name>
			<seeker_name>homing_seeker</seeker_name>
			<detonator_name>std_dist_detonator</detonator_name>
		</RocketParams>
	</MIRVDetonator>
	<MIRVDetonator name="MIRV1_det">
		<time_to_live>10</time_to_live>
		<damage>30</damage>
		<explosion_distance>30</explosion_distance>
		<missle_count>4</missle_count>
		<radius_search_target>50</radius_search_target>
		<RocketParams>
			<rocket_name>MIRV_WH</rocket_name>
			<seeker_name>Seeker_C</seeker_name>
			<detonator_name>MIRV_WH_det</detonator_name>
		</RocketParams>
	</MIRVDetonator>
	<MIRVDetonator name="MIRV2_det">
		<time_to_live>10</time_to_live>
		<damage>30</damage>
		<explosion_distance>30</explosion_distance>
		<missle_count>8</missle_count>
		<radius_search_target>60</radius_search_target>
		<RocketParams>
			<rocket_name>MIRV_WH</rocket_name>
			<seeker_name>Seeker_C</seeker_name>
			<detonator_name>MIRV_WH2_det</detonator_name>
		</RocketParams>
	</MIRVDetonator>
	<MIRVDetonator name="MIRV3_det">
		<time_to_live>10</time_to_live>
		<damage>30</damage>
		<explosion_distance>40</explosion_distance>
		<missle_count>10</missle_count>
		<radius_search_target>90</radius_search_target>
		<RocketParams>
			<rocket_name>MIRV_WH</rocket_name>
			<seeker_name>Seeker_D</seeker_name>
			<detonator_name>MIRV_WH2_det</detonator_name>
		</RocketParams>
	</MIRVDetonator>
	<SimpleSeeker name="simple_seeker">
		<accuracy>3</accuracy>
	</SimpleSeeker>
	<HomingSeeker name="homing_seeker">
		<accuracy>3</accuracy>
		<anti_jammer>10</anti_jammer>
	</HomingSeeker>
	<HomingSeeker name="Seeker_A">
		<accuracy>3</accuracy>
		<anti_jammer>10</anti_jammer>
	</HomingSeeker>
	<HomingSeeker name="Seeker_B">
		<accuracy>3</accuracy>
		<anti_jammer>20</anti_jammer>
	</HomingSeeker>
	<HomingSeeker name="Seeker_C">
		<accuracy>3</accuracy>
		<anti_jammer>30</anti_jammer>
	</HomingSeeker>
	<HomingSeeker name="Seeker_D">
		<accuracy>3</accuracy>
		<anti_jammer>40</anti_jammer>
	</HomingSeeker>
	<HomingSeeker name="Seeker_Alien">
		<accuracy>3</accuracy>
		<anti_jammer>50</anti_jammer>
	</HomingSeeker>
</Rockets>
