<?xml version="1.0" encoding="UTF-8"?>
<!--  (XBOW) -->
<ShipsDescriptions xmlns:xsi="http://www.w3.org/2001/XMLSchema-instance" xsi:noNamespaceSchemaLocation="..\XMLSchema\ShipsDescriptions.xsd">
	<ShipDescription name="Tiger&apos;s ship">
		<carcass>Excalibur_player</carcass>
		<module>MIRV1</module>
	</ShipDescription>
	<ShipDescription name="Wyvern">
		<carcass>Wyvern</carcass>
		<module>VC1</module>
	</ShipDescription>
	<ShipDescription name="Patrol_Station">
		<carcass>PSTATION</carcass>
	</ShipDescription>
	<ShipDescription name="hermit">
		<carcass>hermit_home</carcass>
	</ShipDescription>
	<ShipDescription name="POLICE_STATION">
		<carcass>pStation</carcass>
	</ShipDescription>
	<!--;;;;;;;;;;;;;;;;;;;;;;;;;;;;;;;;;;;;;;;;;;;;;;;;;;;;;;;;;-->
	<!--;             READY OBJECTS              ;-->
	<!--;;;;;;;;;;;;;;;;;;;;;;;;;;;;;;;;;;;;;;;;;;;;;;;;;;;;;;;;;-->
	<!--Mothership-->
	<ShipDescription name="Mothership">
		<carcass>Mothership</carcass>
		<module>Turret_BG1</module>
		<module>Turret_BG1</module>
		<module>Turret_BG1</module>
		<module>Turret_BG1</module>
	</ShipDescription>
	<!--Mothership heretic-->
	<ShipDescription name="Mothership_heretic_1">
		<carcass>Mothership_heretic</carcass>
		<module>Turret_BG1</module>
		<module>Turret_BG1</module>
		<module>Turret_BG1</module>
		<module>Turret_BG1</module>
	</ShipDescription>
	<!--PLAYER-->
	<ShipDescription name="Yari_pl1">
		<carcass>Yari_pl0</carcass>
		<module>HC2</module>
	</ShipDescription>
	<ShipDescription name="Yari_pl2">
		<carcass>Yari_pl0</carcass>
		<module>VC2</module>
		<module>EngBoost1</module>
	</ShipDescription>
	<ShipDescription name="Yari_pl3">
		<carcass>Yari_pl0</carcass>
		<module>PrecC</module>
		<module>EngBoost1</module>
	</ShipDescription>
	<ShipDescription name="Brigand_pl1">
		<carcass>Brigand_pl0</carcass>
		<module>HC1</module>
		<module>ECM1</module>
	</ShipDescription>
	<ShipDescription name="Brigand_pl2">
		<carcass>Brigand_pl0</carcass>
		<module>HC2</module>
	</ShipDescription>
	<ShipDescription name="Naginata_pl1">
		<carcass>Naginata_pl0</carcass>
		<module>CG1</module>
		<module>CG1</module>
		<module>MM</module>
		<module>SRM1</module>
	</ShipDescription>
	<ShipDescription name="Naginata_pl2">
		<carcass>Naginata_pl0</carcass>
		<module>CG1</module>
		<module>CG1</module>
		<module>SRM2</module>
		<module>SRM2</module>
	</ShipDescription>
	<ShipDescription name="Naginata_pl3">
		<carcass>Naginata_pl0</carcass>
		<module>AC1</module>
	</ShipDescription>
	<ShipDescription name="Hammerhead_pl1">
		<carcass>Hammerhead_pl0</carcass>
		<module>AC1</module>
		<module>AC1</module>
		<module>DF</module>
		<module>MM</module>
	</ShipDescription>
	<ShipDescription name="Excalibur_pl1">
		<carcass>Excalibur_pl0</carcass>
		<module>HC1</module>
		<module>MM</module>
		<module>DF</module>
		<module>ECM1</module>
	</ShipDescription>
	<ShipDescription name="Excalibur_pl2">
		<carcass>Excalibur_pl0</carcass>
		<module>HC1</module>
		<module>LRM1</module>
		<module>LRM1</module>
		<module>LRRNB2</module>
	</ShipDescription>
	<ShipDescription name="Excalibur_pl3">
		<carcass>Excalibur_pl0</carcass>
		<module>LC2</module>
		<module>SRM2</module>
		<module>SRM2</module>
		<module>AMS2</module>
	</ShipDescription>
	<ShipDescription name="Excalibur_wolf">
		<carcass>Excalibur_wolf0</carcass>
		<module>VC2</module>
		<module>SRM2</module>
		<module>DF</module>
		<module>ECM2</module>
		<module>ShAmp1</module>
	</ShipDescription>
	<ShipDescription name="Hatchet_pl1">
		<carcass>Hatchet_pl0</carcass>
		<module>AC1</module>
		<module>AC1</module>
		<module>ECM1</module>
		<module>AMS1</module>
	</ShipDescription>
	<ShipDescription name="Bident_pl1">
		<carcass>Bident_pl0</carcass>
		<module>AC1</module>
		<module>AC1</module>
		<module>SRM1</module>
		<module>SRM1</module>
		<module>SRM1</module>
		<module>SRM1</module>
		<module>RNBot1</module>
		<module>LRRNB1</module>
	</ShipDescription>
	<ShipDescription name="Cleaner_pl1">
		<carcass>Cleaner_pl0</carcass>
		<module>VC2</module>
		<module>VC2</module>
		<module>ECM1</module>
	</ShipDescription>
	<ShipDescription name="TieFly_pl1">
		<carcass>TieFly_pl0</carcass>
		<module>AC2</module>
		<module>AC2</module>
		<module>SRM1</module>
		<module>ECM2</module>
	</ShipDescription>
	<ShipDescription name="Raptor_pl1">
		<carcass>Raptor_pl0</carcass>
		<module>AC2</module>
		<module>AC2</module>
		<module>AC2</module>
		<module>AC2</module>
		<module>AMS2</module>
		<module>ECM2</module>
	</ShipDescription>
	<ShipDescription name="Stormcrow_pl1">
		<carcass>Stormcrow_pl0</carcass>
		<module>VC2</module>
		<module>LRM2</module>
		<module>ECM2</module>
	</ShipDescription>
	<ShipDescription name="Stormcrow_plT">
		<carcass>Stormcrow_pl0</carcass>
		<module>VC2</module>
		<module>LRM2</module>
		<module>AMS1</module>
		<module>RNBot1</module>
	</ShipDescription>
	<ShipDescription name="Trident_pl1">
		<carcass>Trident_pl0</carcass>
		<module>AC3</module>
		<module>AC3</module>
		<module>AC3</module>
		<module>SRM3</module>
		<module>WBoost2</module>
		<module>EngBoost2</module>
		<module>RNBot2</module>
	</ShipDescription>
	<ShipDescription name="Trident_razv1">
		<carcass>Trident_pl0</carcass>
		<module>ECM4</module>
		<module>Stealth3</module>
		<module>LRS4</module>
		<module>ShAmp3</module>
	</ShipDescription>
	<ShipDescription name="EvilEye_pl1">
		<carcass>EvilEye_pl0</carcass>
		<module>LC2</module>
		<module>SRM2</module>
		<module>ECM2</module>
		<module>ShAmp1</module>
	</ShipDescription>
	<ShipDescription name="Gunslinger_pl1">
		<carcass>Gunslinger_pl0</carcass>
		<module>VC2</module>
		<module>VC2</module>
		<module>PC2</module>
		<module>ECM3</module>
		<module>LRS4</module>
	</ShipDescription>
	<ShipDescription name="Gunslinger_pl2">
		<carcass>Gunslinger_pl0</carcass>
		<module>VC2</module>
		<module>VC2</module>
		<module>PC2</module>
		<module>ShAmpPH</module>
		<module>ALS1</module>
	</ShipDescription>
	<ShipDescription name="Hrimturs_pl1">
		<carcass>Hrimturs_pl0</carcass>
		<module>AC3</module>
		<module>AlienPoisonTorpedo</module>
		<module>AlienPoisonTorpedo</module>
		<module>SRM3</module>
		<module>AlienPoisonTorpedo</module>
		<module>ECM2</module>
		<module>ShAmp1</module>
	</ShipDescription>
	<ShipDescription name="Tiger_pl1">
		<carcass>Tiger_pl0</carcass>
		<module>PC2</module>
		<module>PC2</module>
		<module>ECM3</module>
		<module>EngAmp1</module>
		<module>ShAmp2</module>
	</ShipDescription>
	<ShipDescription name="Panthera_pl1">
		<carcass>Panthera_pl0</carcass>
		<module>PC2</module>
		<module>PC2</module>
		<module>ECM3</module>
		<module>EngAmp1</module>
		<module>ShAmp2</module>
	</ShipDescription>
	<ShipDescription name="Wyvern_pl1">
		<carcass>Wyvern_pl0</carcass>
		<module>PLC2</module>
		<module>PLC2</module>
	</ShipDescription>
	<ShipDescription name="Wyvern_pl2">
		<carcass>Wyvern_pl0</carcass>
		<module>PC2</module>
		<module>PC2</module>
	</ShipDescription>
	<ShipDescription name="Cavalier_1">
		<carcass>Cavalier_0</carcass>
		<module>AC1</module>
		<module>AC1</module>
		<module>SRM2</module>
		<module>SRM2</module>
		<module>DF</module>
		<module>DF</module>
		<module>ECM1</module>
	</ShipDescription>
	<ShipDescription name="Butcher_1">
		<carcass>Butcher_0</carcass>
		<module>PC2</module>
		<module>PC2</module>
		<module>PLC1</module>
		<module>PLC1</module>
		<module>Turret_BG10</module>
		<module>ECM4</module>
		<module>RBot2</module>
	</ShipDescription>
	<ShipDescription name="Butcher_pl1">
		<carcass>Butcher_pl0</carcass>
		<module>PC1</module>
		<module>PC1</module>
		<module>VC1</module>
		<module>VC1</module>
		<module>Turret_BG3</module>
		<module>ECM2</module>
		<module>RBot3</module>
	</ShipDescription>
	<ShipDescription name="Butcher_pl2">
		<carcass>Butcher_pl0</carcass>
		<module>PLC2</module>
		<module>PLC2</module>
		<module>VC2</module>
		<module>VC2</module>
		<module>Turret_BG4</module>
		<module>ECM3</module>
		<module>RBot3</module>
	</ShipDescription>
	<ShipDescription name="Butcher_pl3">
		<carcass>Butcher_pl0</carcass>
		<module>PC2</module>
		<module>PC2</module>
		<module>VC3</module>
		<module>VC3</module>
		<module>TVC3</module>
		<module>ECM4</module>
		<module>RBot3</module>
	</ShipDescription>
	<ShipDescription name="Yacht_pl1">
		<carcass>Yacht_pl0</carcass>
		<module>CG2</module>
		<module>CG2</module>
	</ShipDescription>
	<!--USS-->
	<ShipDescription name="Yari_uss1">
		<carcass>Yari_uss0</carcass>
		<module>HC2</module>
		<module>ECM1</module>
	</ShipDescription>
	<ShipDescription name="Brigand_uss1">
		<carcass>Brigand_uss0</carcass>
		<module>HC2</module>
		<module>ShAmp1</module>
	</ShipDescription>
	<ShipDescription name="Naginata_uss1">
		<carcass>Naginata_uss0</carcass>
		<module>AC1</module>
		<module>AC1</module>
		<module>SRM2</module>
		<module>MM</module>
		<module>ECM1</module>
	</ShipDescription>
	<ShipDescription name="Hammerhead_uss1">
		<carcass>Hammerhead_uss0</carcass>
		<module>CG3</module>
		<module>CG3</module>
		<module>T1</module>
		<module>SRM2</module>
		<module>ShAmp2</module>
	</ShipDescription>
	<ShipDescription name="Excalibur_uss1">
		<carcass>Excalibur_uss0</carcass>
		<module>LC1</module>
		<module>SRM2</module>
		<module>MM</module>
		<module>ECM2</module>
		<module>ShAmp2</module>
	</ShipDescription>
	<ShipDescription name="Hatchet_uss1">
		<carcass>Hatchet_uss0</carcass>
		<module>CG2</module>
		<module>CG2</module>
		<module>AMS1</module>
		<module>ShAmp2</module>
		<module>RBot1</module>
	</ShipDescription>
	<ShipDescription name="Hatchet_uss2">
		<carcass>Hatchet_uss0</carcass>
		<module>CG2</module>
		<module>CG2</module>
		<module>CloD1</module>
		<module>ECM1</module>
	</ShipDescription>
	<ShipDescription name="Hatchet_uss3">
		<carcass>Hatchet_uss0</carcass>
		<module>CG2</module>
		<module>CG2</module>
		<module>LRS1</module>
		<module>ECM1</module>
	</ShipDescription>
	<ShipDescription name="Hatchet_uss4">
		<carcass>Hatchet_uss0</carcass>
		<module>CG2</module>
		<module>CG2</module>
		<module>LRRNB1</module>
		<module>ECM1</module>
	</ShipDescription>
	<ShipDescription name="Bident_uss1">
		<carcass>Bident_uss0</carcass>
		<module>AC3</module>
		<module>AC3</module>
		<module>SRM3</module>
		<module>SRM3</module>
		<module>SRM3</module>
		<module>LRM2</module>
		<module>LRS3</module>
		<module>RBot3</module>
	</ShipDescription>
	<ShipDescription name="Bident_uss2">
		<carcass>Bident_uss0</carcass>
		<module>AC3</module>
		<module>AC3</module>
		<module>SRM3</module>
		<module>SRM3</module>
		<module>T2</module>
		<module>LRM3</module>
		<module>ALS1</module>
		<module>ShAmp3</module>
	</ShipDescription>
	<ShipDescription name="Cleaner_uss1">
		<carcass>Cleaner_uss0</carcass>
		<module>VC3</module>
		<module>VC3</module>
		<module>RBot2</module>
		<module>ShAmp3</module>
	</ShipDescription>
	<ShipDescription name="TieFly_uss1">
		<carcass>TieFly_uss0</carcass>
		<module>CG3</module>
		<module>CG3</module>
		<module>SRM2</module>
		<module>AMS2</module>
		<module>ShAmp3</module>
		<module>RBot2</module>
	</ShipDescription>
	<ShipDescription name="Raptor_uss1">
		<carcass>Raptor_uss0</carcass>
		<module>AC3</module>
		<module>AC3</module>
		<module>AC3</module>
		<module>AC3</module>
		<module>ALS1</module>
		<module>RBot3</module>
		<module>ShAmp3</module>
	</ShipDescription>
	<ShipDescription name="Raptor_uss2">
		<carcass>Raptor_uss0</carcass>
		<module>AC3</module>
		<module>AC3</module>
		<module>AC3</module>
		<module>AC3</module>
		<module>CloD2</module>
		<module>ECM2</module>
		<module>ShAmp2</module>
	</ShipDescription>
	<ShipDescription name="Raptor_uss3">
		<carcass>Raptor_uss0</carcass>
		<module>AC3</module>
		<module>AC3</module>
		<module>AC3</module>
		<module>AC3</module>
		<module>LRS2</module>
		<module>ECM2</module>
		<module>ShAmp2</module>
	</ShipDescription>
	<ShipDescription name="Raptor_uss4">
		<carcass>Raptor_uss0</carcass>
		<module>AC3</module>
		<module>AC3</module>
		<module>AC3</module>
		<module>AC3</module>
		<module>LRRNB2</module>
		<module>ECM2</module>
		<module>ShAmp2</module>
	</ShipDescription>
	<ShipDescription name="Stormcrow_uss1">
		<carcass>Stormcrow_uss0</carcass>
		<module>LC2</module>
		<module>SRM2</module>
		<module>RBot2</module>
		<module>ShAmp2</module>
	</ShipDescription>
	<ShipDescription name="Trident_uss1">
		<carcass>Trident_uss0</carcass>
		<module>AC3</module>
		<module>AC3</module>
		<module>AC3</module>
		<module>SRM4</module>
		<module>RBot3</module>
		<module>ALS1</module>
		<module>AMS3</module>
		<module>ShAmp4</module>
	</ShipDescription>
	<ShipDescription name="Trident_uss2">
		<carcass>Trident_uss0</carcass>
		<module>AC3</module>
		<module>AC3</module>
		<module>AC3</module>
		<module>SRM4</module>
		<module>ECM3</module>
		<module>EngAmp2</module>
		<module>CloD2</module>
		<module>ShAmp3</module>
	</ShipDescription>
	<ShipDescription name="Trident_uss3">
		<carcass>Trident_uss0</carcass>
		<module>AC3</module>
		<module>AC3</module>
		<module>AC3</module>
		<module>SRM4</module>
		<module>ECM3</module>
		<module>EngAmp2</module>
		<module>LRS3</module>
		<module>ShAmp3</module>
	</ShipDescription>
	<ShipDescription name="Trident_uss4">
		<carcass>Trident_uss0</carcass>
		<module>AC3</module>
		<module>AC3</module>
		<module>AC3</module>
		<module>SRM4</module>
		<module>ECM3</module>
		<module>EngAmp2</module>
		<module>LRRNB3</module>
		<module>ShAmp3</module>
	</ShipDescription>
	<ShipDescription name="EvilEye_uss1">
		<carcass>EvilEye_uss0</carcass>
		<module>PC2</module>
		<module>SRM3</module>
		<module>RBot3</module>
		<module>AMS3</module>
		<module>ShAmp3</module>
	</ShipDescription>
	<ShipDescription name="Gunslinger_uss1">
		<carcass>Gunslinger_uss0</carcass>
		<module>VC4</module>
		<module>PLC3</module>
		<module>VC4</module>
		<module>ShAmp4</module>
		<module>ALS2</module>
	</ShipDescription>
	<ShipDescription name="Hrimturs_uss1">
		<carcass>Hrimturs_uss0</carcass>
		<module>AC3</module>
		<module>SRM4</module>
		<module>SRM4</module>
		<module>SM4</module>
		<module>LRM4</module>
		<module>ALS1</module>
		<module>ShAmp4</module>
	</ShipDescription>
	<ShipDescription name="Hrimturs_uss2">
		<carcass>Hrimturs_uss0</carcass>
		<module>AC3</module>
		<module>SRM4</module>
		<module>SRM4</module>
		<module>MIRV3</module>
		<module>LRM4</module>
		<module>RBot3</module>
		<module>ShAmp4</module>
	</ShipDescription>
	<ShipDescription name="Hrimturs_uss3">
		<carcass>Hrimturs_uss0</carcass>
		<module>AC3</module>
		<module>SRM4</module>
		<module>SRM4</module>
		<module>T3</module>
		<module>SM4</module>
		<module>ShAmp4</module>
		<module>ALS2</module>
	</ShipDescription>
	<ShipDescription name="Tiger_uss1">
		<carcass>Tiger_uss0</carcass>
		<module>PLC2</module>
		<module>PC2</module>
		<module>ALS1</module>
		<module>ManAmp1</module>
		<module>ShAmp4</module>
	</ShipDescription>
	<ShipDescription name="Panthera_uss1">
		<carcass>Panthera_uss0</carcass>
		<module>LC4</module>
		<module>RG2</module>
		<module>RBot3</module>
		<module>ManAmp1</module>
		<module>ShAmp4</module>
	</ShipDescription>
	<ShipDescription name="Arba_uss">
		<carcass>Arba_uss_0</carcass>
		<module>Turret_BG5</module>
		<module>Turret_BG5</module>
	</ShipDescription>
	<ShipDescription name="Walrus_uss1">
		<carcass>Walrus_uss0</carcass>
		<module>Turret_BG3</module>
		<module>Turret_BG3</module>
	</ShipDescription>
	<!--TRIADA-->
	<ShipDescription name="Yari_tri1">
		<carcass>Yari_tri0</carcass>
		<module>HC1</module>
		<module>ShAmp1</module>
	</ShipDescription>
	<ShipDescription name="Brigand_tri1">
		<carcass>Brigand_tri0</carcass>
		<module>VC2</module>
		<module>ECM1</module>
	</ShipDescription>
	<ShipDescription name="Naginata_tri1">
		<carcass>Naginata_tri0</carcass>
		<module>CG2</module>
		<module>CG2</module>
		<module>LRM1</module>
		<module>SRM1</module>
		<module>ShAmp1</module>
	</ShipDescription>
	<ShipDescription name="Hammerhead_tri1">
		<carcass>Hammerhead_tri0</carcass>
		<module>AC2</module>
		<module>AC2</module>
		<module>SRM2</module>
		<module>T1</module>
		<module>ShAmp2</module>
	</ShipDescription>
	<ShipDescription name="Excalibur_tri1">
		<carcass>Excalibur_tri0</carcass>
		<module>VC1</module>
		<module>SRM1</module>
		<module>MM</module>
		<module>ECM1</module>
		<module>ShAmp1</module>
	</ShipDescription>
	<ShipDescription name="Hatchet_tri1">
		<carcass>Hatchet_tri0</carcass>
		<module>AC1</module>
		<module>AC1</module>
		<module>ECM1</module>
		<module>ShAmp1</module>
		<module>EngAmp1</module>
	</ShipDescription>
	<ShipDescription name="Hatchet_tri2">
		<carcass>Hatchet_tri0</carcass>
		<module>AC2</module>
		<module>AC2</module>
		<module>CloD1</module>
		<module>ECM1</module>
	</ShipDescription>
	<ShipDescription name="Hatchet_tri3">
		<carcass>Hatchet_tri0</carcass>
		<module>AC2</module>
		<module>AC2</module>
		<module>LRS1</module>
		<module>ECM1</module>
	</ShipDescription>
	<ShipDescription name="Hatchet_tri4">
		<carcass>Hatchet_tri0</carcass>
		<module>AC2</module>
		<module>AC2</module>
		<module>LRRNB1</module>
		<module>ECM1</module>
	</ShipDescription>
	<ShipDescription name="Bident_tri1">
		<carcass>Bident_tri0</carcass>
		<module>AC2</module>
		<module>AC2</module>
		<module>SRM2</module>
		<module>SRM2</module>
		<module>MIRV1</module>
		<module>T1</module>
		<module>ECM2</module>
		<module>RBot2</module>
	</ShipDescription>
	<ShipDescription name="Bident_tri2">
		<carcass>Bident_tri0</carcass>
		<module>AC2</module>
		<module>AC2</module>
		<module>SM3</module>
		<module>LRM2</module>
		<module>LRM2</module>
		<module>T1</module>
		<module>ECM2</module>
		<module>ShAmp3</module>
	</ShipDescription>
	<ShipDescription name="Bident_tri3">
		<carcass>Bident_tri0</carcass>
		<module>AC2</module>
		<module>AC2</module>
		<module>T1</module>
		<module>SRM2</module>
		<module>T1</module>
		<module>MIRV1</module>
		<module>ECM2</module>
		<module>ShAmp2</module>
	</ShipDescription>
	<ShipDescription name="Bident_tri4">
		<carcass>Bident_tri0</carcass>
		<module>AC2</module>
		<module>AC2</module>
		<module>MIRV1</module>
		<module>MIRV1</module>
		<module>LRM2</module>
		<module>LRM2</module>
		<module>ECM2</module>
		<module>EngAmp1</module>
	</ShipDescription>
	<ShipDescription name="Cleaner_tri1">
		<carcass>Cleaner_tri0</carcass>
		<module>PLC1</module>
		<module>PLC1</module>
		<module>ECM2</module>
		<module>RBot2</module>
	</ShipDescription>
	<ShipDescription name="TieFly_tri1">
		<carcass>TieFly_tri0</carcass>
		<module>AC2</module>
		<module>AC2</module>
		<module>SRM2</module>
		<module>ECM1</module>
		<module>ShAmp2</module>
	</ShipDescription>
	<ShipDescription name="Raptor_tri1">
		<carcass>Raptor_tri0</carcass>
		<module>CG3</module>
		<module>CG3</module>
		<module>CG3</module>
		<module>CG3</module>
		<module>ShAmp3</module>
		<module>ECM2</module>
		<module>EngAmp2</module>
	</ShipDescription>
	<ShipDescription name="Raptor_tri2">
		<carcass>Raptor_tri0</carcass>
		<module>CG3</module>
		<module>CG3</module>
		<module>CG3</module>
		<module>CG3</module>
		<module>CloD2</module>
		<module>ECM2</module>
		<module>EngAmp2</module>
	</ShipDescription>
	<ShipDescription name="Raptor_tri3">
		<carcass>Raptor_tri0</carcass>
		<module>CG3</module>
		<module>CG3</module>
		<module>CG3</module>
		<module>CG3</module>
		<module>LRS2</module>
		<module>ECM2</module>
		<module>EngAmp2</module>
	</ShipDescription>
	<ShipDescription name="Raptor_tri4">
		<carcass>Raptor_tri0</carcass>
		<module>CG3</module>
		<module>CG3</module>
		<module>CG3</module>
		<module>CG3</module>
		<module>LRRNB2</module>
		<module>ECM2</module>
		<module>EngAmp2</module>
	</ShipDescription>
	<ShipDescription name="Stormcrow_tri1">
		<carcass>Stormcrow_tri0</carcass>
		<module>RG1</module>
		<module>SRM2</module>
		<module>ECM1</module>
		<module>ShAmp2</module>
	</ShipDescription>
	<ShipDescription name="Trident_tri1">
		<carcass>Trident_tri0</carcass>
		<module>AC3</module>
		<module>AC3</module>
		<module>AC3</module>
		<module>SM3</module>
		<module>ECM2</module>
		<module>EngAmp2</module>
		<module>ShAmp3</module>
		<module>AMS3</module>
	</ShipDescription>
	<ShipDescription name="Trident_tri2">
		<carcass>Trident_tri0</carcass>
		<module>AC3</module>
		<module>AC3</module>
		<module>AC3</module>
		<module>SM3</module>
		<module>ECM2</module>
		<module>EngAmp2</module>
		<module>ShAmp3</module>
		<module>CloD2</module>
	</ShipDescription>
	<ShipDescription name="Trident_tri3">
		<carcass>Trident_tri0</carcass>
		<module>AC3</module>
		<module>AC3</module>
		<module>AC3</module>
		<module>SM3</module>
		<module>ECM2</module>
		<module>EngAmp2</module>
		<module>ShAmp3</module>
		<module>LRS3</module>
	</ShipDescription>
	<ShipDescription name="Trident_tri4">
		<carcass>Trident_tri0</carcass>
		<module>AC3</module>
		<module>AC3</module>
		<module>AC3</module>
		<module>SM3</module>
		<module>ECM2</module>
		<module>EngAmp2</module>
		<module>ShAmp3</module>
		<module>LRRNB2</module>
	</ShipDescription>
	<ShipDescription name="Trident_tri5">
		<carcass>Trident_tri0</carcass>
		<module>AC3</module>
		<module>AC3</module>
		<module>AC3</module>
		<module>SRM3</module>
		<module>ECM2</module>
		<module>EngAmp2</module>
		<module>ShAmp3</module>
		<module>RBot3</module>
	</ShipDescription>
	<ShipDescription name="EvilEye_tri1">
		<carcass>EvilEye_tri0</carcass>
		<module>PLC2</module>
		<module>MIRV1</module>
		<module>ECM2</module>
		<module>ShAmp2</module>
		<module>EngAmp2</module>
	</ShipDescription>
	<ShipDescription name="EvilEye_tri_mov1">
		<carcass>EvilEye_tri_mov0</carcass>
		<module>PLC2</module>
		<module>MIRV1</module>
		<module>ECM2</module>
		<module>ShAmp1</module>
		<module>EngAmp1</module>
	</ShipDescription>
	<ShipDescription name="Gunslinger_tri1">
		<carcass>Gunslinger_tri0</carcass>
		<module>LC4</module>
		<module>RG2</module>
		<module>LC4</module>
		<module>ECM4</module>
		<module>ShAmp4</module>
	</ShipDescription>
	<ShipDescription name="Gunslinger_tri2">
		<carcass>Gunslinger_tri0</carcass>
		<module>PC3</module>
		<module>PLC3</module>
		<module>VC4</module>
		<module>ECM4</module>
		<module>ALS2</module>
	</ShipDescription>
	<ShipDescription name="Hrimturs_tri1">
		<carcass>Hrimturs_tri0</carcass>
		<module>CG3</module>
		<module>SRM3</module>
		<module>SRM3</module>
		<module>SRM3</module>
		<module>MIRV2</module>
		<module>ECM3</module>
		<module>ShAmp3</module>
	</ShipDescription>
	<ShipDescription name="Hrimturs_tri2">
		<carcass>Hrimturs_tri0</carcass>
		<module>CG3</module>
		<module>SRM3</module>
		<module>SRM3</module>
		<module>T2</module>
		<module>LRM3</module>
		<module>ECM3</module>
		<module>RBot3</module>
	</ShipDescription>
	<ShipDescription name="Hrimturs_tri3">
		<carcass>Hrimturs_tri0</carcass>
		<module>AC3</module>
		<module>SRM4</module>
		<module>SRM4</module>
		<module>LRM4</module>
		<module>MIRV3</module>
		<module>ECM4</module>
		<module>ShAmp4</module>
	</ShipDescription>
	<ShipDescription name="Hrimturs_tri4">
		<carcass>Hrimturs_tri0</carcass>
		<module>AC3</module>
		<module>SRM3</module>
		<module>SRM3</module>
		<module>T3</module>
		<module>SM4</module>
		<module>ECM4</module>
		<module>ALS2</module>
	</ShipDescription>
	<ShipDescription name="Tiger_tri1">
		<carcass>Tiger_tri0</carcass>
		<module>LC3</module>
		<module>LC3</module>
		<module>ECM3</module>
		<module>ShAmp3</module>
		<module>ALS1</module>
	</ShipDescription>
	<ShipDescription name="Panthera_tri1">
		<carcass>Panthera_tri0</carcass>
		<module>RG2</module>
		<module>PLC2</module>
		<module>ECM3</module>
		<module>ShAmp3</module>
		<module>ALS1</module>
	</ShipDescription>
	<ShipDescription name="Arba_tri">
		<carcass>Arba_tri_0</carcass>
		<module>Turret_BG4</module>
		<module>Turret_BG4</module>
	</ShipDescription>
	<ShipDescription name="Walrus_tri1">
		<carcass>Walrus_tri0</carcass>
		<module>Turret_BG2</module>
		<module>Turret_BG2</module>
	</ShipDescription>
	<!--INOCO-->
	<ShipDescription name="Yari_ino1">
		<carcass>Yari_ino0</carcass>
		<module>VC1</module>
		<module>ShAmp1</module>
	</ShipDescription>
	<ShipDescription name="Brigand_ino1">
		<carcass>Brigand_ino0</carcass>
		<module>LC1</module>
		<module>ECM2</module>
	</ShipDescription>
	<ShipDescription name="Naginata_ino1">
		<carcass>Naginata_ino0</carcass>
		<module>AC1</module>
		<module>AC1</module>
		<module>SRM1</module>
		<module>DF</module>
		<module>ShAmp1</module>
	</ShipDescription>
	<ShipDescription name="Hammerhead_ino1">
		<carcass>Hammerhead_ino0</carcass>
		<module>CG2</module>
		<module>CG2</module>
		<module>MM</module>
		<module>SRM2</module>
		<module>ShAmp2</module>
	</ShipDescription>
	<ShipDescription name="Excalibur_ino1">
		<carcass>Excalibur_ino0</carcass>
		<module>HC2</module>
		<module>SRM1</module>
		<module>SRM1</module>
		<module>ShAmp1</module>
		<module>RBot1</module>
	</ShipDescription>
	<ShipDescription name="Hatchet_ino1">
		<carcass>Hatchet_ino0</carcass>
		<module>AC2</module>
		<module>AC2</module>
		<module>AMS1</module>
		<module>RBot1</module>
		<module>ShAmp1</module>
	</ShipDescription>
	<ShipDescription name="Hatchet_ino2">
		<carcass>Hatchet_ino0</carcass>
		<module>AC2</module>
		<module>AC2</module>
		<module>CloD1</module>
		<module>ECM2</module>
	</ShipDescription>
	<ShipDescription name="Hatchet_ino3">
		<carcass>Hatchet_ino0</carcass>
		<module>AC2</module>
		<module>AC2</module>
		<module>LRS1</module>
		<module>ECM2</module>
	</ShipDescription>
	<ShipDescription name="Hatchet_ino4">
		<carcass>Hatchet_ino0</carcass>
		<module>AC2</module>
		<module>AC2</module>
		<module>LRRNB1</module>
		<module>ECM2</module>
	</ShipDescription>
	<ShipDescription name="Bident_ino1">
		<carcass>Bident_ino0</carcass>
		<module>AC2</module>
		<module>AC2</module>
		<module>SRM2</module>
		<module>SRM2</module>
		<module>LRM2</module>
		<module>T1</module>
		<module>EngAmp2</module>
		<module>ShAmp2</module>
	</ShipDescription>
	<ShipDescription name="Bident_inotest">
		<carcass>Bident_ino0</carcass>
		<module>AC2</module>
		<module>AC2</module>
		<module>LRM1</module>
		<module>LRM3</module>
		<module>LRM2</module>
		<module>T1</module>
		<module>ECM2</module>
		<module>ShAmp2</module>
	</ShipDescription>
	<ShipDescription name="Bident_ino2">
		<carcass>Bident_ino0</carcass>
		<module>CG3</module>
		<module>CG3</module>
		<module>SRM2</module>
		<module>SRM2</module>
		<module>T2</module>
		<module>MIRV1</module>
		<module>EngAmp2</module>
		<module>ShAmp3</module>
	</ShipDescription>
	<ShipDescription name="Cleaner_ino1">
		<carcass>Cleaner_ino0</carcass>
		<module>RG1</module>
		<module>PLC1</module>
		<module>LRS2</module>
		<module>ShAmp3</module>
	</ShipDescription>
	<ShipDescription name="TieFly_ino1">
		<carcass>TieFly_ino0</carcass>
		<module>AC2</module>
		<module>AC2</module>
		<module>SRM2</module>
		<module>LRRNB2</module>
		<module>LRRNB2</module>
		<module>ShAmp2</module>
	</ShipDescription>
	<ShipDescription name="TieFly_ino2">
		<carcass>TieFly_ino0</carcass>
		<module>CG3</module>
		<module>CG3</module>
		<module>LRM2</module>
		<module>AMS2</module>
		<module>LRS2</module>
		<module>ShAmp3</module>
	</ShipDescription>
	<ShipDescription name="Raptor_ino1">
		<carcass>Raptor_ino0</carcass>
		<module>AC2</module>
		<module>AC2</module>
		<module>AC2</module>
		<module>AC2</module>
		<module>RBot2</module>
		<module>LRS2</module>
		<module>ShAmp2</module>
	</ShipDescription>
	<ShipDescription name="Raptor_ino2">
		<carcass>Raptor_ino0</carcass>
		<module>AC2</module>
		<module>AC2</module>
		<module>AC2</module>
		<module>AC2</module>
		<module>CloD2</module>
		<module>ECM3</module>
		<module>ShAmp2</module>
	</ShipDescription>
	<ShipDescription name="Raptor_ino3">
		<carcass>Raptor_ino0</carcass>
		<module>AC2</module>
		<module>AC2</module>
		<module>AC2</module>
		<module>AC2</module>
		<module>LRS2</module>
		<module>ECM3</module>
		<module>ShAmp2</module>
	</ShipDescription>
	<ShipDescription name="Raptor_ino4">
		<carcass>Raptor_ino0</carcass>
		<module>CG3</module>
		<module>CG3</module>
		<module>CG3</module>
		<module>CG3</module>
		<module>AMS2</module>
		<module>RBot3</module>
		<module>ShAmp3</module>
	</ShipDescription>
	<ShipDescription name="Stormcrow_ino1">
		<carcass>Stormcrow_ino0</carcass>
		<module>VC2</module>
		<module>MIRV1</module>
		<module>Stealth1</module>
		<module>ShAmp2</module>
	</ShipDescription>
	<ShipDescription name="Trident_ino1">
		<carcass>Trident_ino0</carcass>
		<module>AC3</module>
		<module>AC3</module>
		<module>AC3</module>
		<module>SRM4</module>
		<module>LRRNB3</module>
		<module>LRRNB3</module>
		<module>ALS1</module>
		<module>ShAmp4</module>
	</ShipDescription>
	<ShipDescription name="Trident_ino2">
		<carcass>Trident_ino0</carcass>
		<module>AC3</module>
		<module>AC3</module>
		<module>AC3</module>
		<module>SRM3</module>
		<module>AMS4</module>
		<module>CloD2</module>
		<module>ALS2</module>
		<module>ShAmp4</module>
	</ShipDescription>
	<ShipDescription name="Trident_ino3">
		<carcass>Trident_ino0</carcass>
		<module>AC3</module>
		<module>AC3</module>
		<module>AC3</module>
		<module>SRM3</module>
		<module>ECM3</module>
		<module>EngAmp2</module>
		<module>LRS3</module>
		<module>ShAmp3</module>
	</ShipDescription>
	<ShipDescription name="Trident_ino4">
		<carcass>Trident_ino0</carcass>
		<module>AC3</module>
		<module>AC3</module>
		<module>AC3</module>
		<module>SRM3</module>
		<module>ECM3</module>
		<module>EngAmp2</module>
		<module>LRRNB3</module>
		<module>ShAmp3</module>
	</ShipDescription>
	<ShipDescription name="EvilEye_ino1">
		<carcass>EvilEye_ino0</carcass>
		<module>VC3</module>
		<module>SRM3</module>
		<module>LRRNB2</module>
		<module>ShAmp3</module>
		<module>LRRNB2</module>
	</ShipDescription>
	<ShipDescription name="EvilEye_ino2">
		<carcass>EvilEye_ino0</carcass>
		<module>VC4</module>
		<module>LRM3</module>
		<module>AMS3</module>
		<module>ShAmp3</module>
		<module>LRS3</module>
	</ShipDescription>
	<ShipDescription name="Gunslinger_ino1">
		<carcass>Gunslinger_ino0</carcass>
		<module>PC3</module>
		<module>PLC3</module>
		<module>PC3</module>
		<module>ShAmp4</module>
		<module>ALS2</module>
	</ShipDescription>
	<ShipDescription name="Hrimturs_ino1">
		<carcass>Hrimturs_ino0</carcass>
		<module>AC3</module>
		<module>SRM3</module>
		<module>SRM3</module>
		<module>SRM3</module>
		<module>LRM3</module>
		<module>ALS1</module>
		<module>ShAmp3</module>
	</ShipDescription>
	<ShipDescription name="Hrimturs_ino2">
		<carcass>Hrimturs_ino0</carcass>
		<module>AC3</module>
		<module>SRM4</module>
		<module>SRM4</module>
		<module>T2</module>
		<module>SM4</module>
		<module>ALS2</module>
		<module>ShAmp4</module>
	</ShipDescription>
	<ShipDescription name="Tiger_ino1">
		<carcass>Tiger_ino0</carcass>
		<module>HC4</module>
		<module>HC4</module>
		<module>ManAmp1</module>
		<module>ALS1</module>
		<module>ShAmp3</module>
	</ShipDescription>
	<ShipDescription name="Panthera_ino1">
		<carcass>Panthera_ino0</carcass>
		<module>LC4</module>
		<module>LC4</module>
		<module>EngAmp3</module>
		<module>ALS1</module>
		<module>ShAmp4</module>
	</ShipDescription>
	<ShipDescription name="Arba_ino">
		<carcass>Arba_ino_0</carcass>
		<module>Turret_BG4</module>
		<module>Turret_BG4</module>
	</ShipDescription>
	<ShipDescription name="Arba_ino_radioPOD">
		<carcass>Arba_ino_radioPOD_0</carcass>
		<module>Turret_BG8</module>
		<module>Turret_BG8</module>
	</ShipDescription>
	<ShipDescription name="Walrus_ino1">
		<carcass>Walrus_ino0</carcass>
		<module>Turret_BG1</module>
		<module>Turret_BG1</module>
	</ShipDescription>
	<!--PIRATE-->
	<ShipDescription name="Yari_pir1">
		<carcass>Yari_pir0</carcass>
		<module>HC2</module>
	</ShipDescription>
	<ShipDescription name="Yari_pir2">
		<carcass>Yari_pir0</carcass>
		<module>VC2</module>
		<module>ShAmp2</module>
	</ShipDescription>
	<ShipDescription name="Brigand_pir1">
		<carcass>Brigand_pir0</carcass>
		<module>HC2</module>
		<module>ShAmp1</module>
	</ShipDescription>
	<ShipDescription name="Brigand_pir2">
		<carcass>Brigand_pir0</carcass>
		<module>VC2</module>
		<module>ECM1</module>
	</ShipDescription>
	<ShipDescription name="Naginata_pir1">
		<carcass>Naginata_pir0</carcass>
		<module>CG1</module>
		<module>CG1</module>
		<module>SRM1</module>
		<module>DF</module>
	</ShipDescription>
	<ShipDescription name="Naginata_pir2">
		<carcass>Naginata_pir0</carcass>
		<module>CG2</module>
		<module>CG2</module>
		<module>SRM1</module>
		<module>MM</module>
		<module>ECM1</module>
	</ShipDescription>
	<ShipDescription name="Naginata_pir3">
		<carcass>Naginata_pir0</carcass>
		<module>CG3</module>
		<module>CG3</module>
		<module>SRM3</module>
		<module>SM3</module>
		<module>ShAmp1</module>
	</ShipDescription>
	<ShipDescription name="Hammerhead_pir1">
		<carcass>Hammerhead_pir0</carcass>
		<module>CG2</module>
		<module>CG2</module>
		<module>LRM2</module>
		<module>MIRV1</module>
		<module>ShAmp1</module>
	</ShipDescription>
	<ShipDescription name="Hammerhead_pir2">
		<carcass>Hammerhead_pir0</carcass>
		<module>CG2</module>
		<module>CG2</module>
		<module>SRM2</module>
		<module>T1</module>
		<module>ShAmp1</module>
	</ShipDescription>
	<ShipDescription name="Hammerhead_pir3">
		<carcass>Hammerhead_pir0</carcass>
		<module>CG3</module>
		<module>CG3</module>
		<module>SM3</module>
		<module>LRM2</module>
		<module>ShAmp2</module>
	</ShipDescription>
	<ShipDescription name="Excalibur_pir1">
		<carcass>Excalibur_pir0</carcass>
		<module>HC3</module>
		<module>SRM2</module>
		<module>LRM2</module>
		<module>ECM2</module>
		<module>ShAmp1</module>
	</ShipDescription>
	<ShipDescription name="Excalibur_pir2">
		<carcass>Excalibur_pir0</carcass>
		<module>PC2</module>
		<module>SRM3</module>
		<module>MIRV2</module>
		<module>ShAmp2</module>
	</ShipDescription>
	<ShipDescription name="Excalibur_pir3">
		<carcass>Excalibur_pir0</carcass>
		<module>HC3</module>
		<module>SRM2</module>
		<module>T1</module>
		<module>ShAmp1</module>
		<module>ECM2</module>
	</ShipDescription>
	<ShipDescription name="Hatchet_pir1">
		<carcass>Hatchet_pir0</carcass>
		<module>CG3</module>
		<module>CG3</module>
		<module>AMS2</module>
		<module>ShAmp2</module>
	</ShipDescription>
	<ShipDescription name="Hatchet_pir2">
		<carcass>Hatchet_pir0</carcass>
		<module>CG1</module>
		<module>CG1</module>
		<module>CloD1</module>
	</ShipDescription>
	<ShipDescription name="Hatchet_pir3">
		<carcass>Hatchet_pir0</carcass>
		<module>CG1</module>
		<module>CG1</module>
		<module>LRS1</module>
	</ShipDescription>
	<ShipDescription name="Hatchet_pir4">
		<carcass>Hatchet_pir0</carcass>
		<module>CG1</module>
		<module>CG1</module>
		<module>LRRNB1</module>
	</ShipDescription>
	<ShipDescription name="Hatchet_pir5">
		<carcass>Hatchet_pir0</carcass>
		<module>AC1</module>
		<module>AC1</module>
		<module>ECM1</module>
	</ShipDescription>
	<ShipDescription name="Bident_pir1">
		<carcass>Bident_pir0</carcass>
		<module>CG3</module>
		<module>CG3</module>
		<module>SRM3</module>
		<module>SRM3</module>
		<module>MIRV2</module>
		<module>SM3</module>
		<module>ShAmp1</module>
		<module>RBot2</module>
	</ShipDescription>
	<ShipDescription name="Bident_pir2">
		<carcass>Bident_pir0</carcass>
		<module>CG3</module>
		<module>CG3</module>
		<module>SRM3</module>
		<module>SRM3</module>
		<module>LRM3</module>
		<module>LRM3</module>
		<module>RBot3</module>
		<module>ShAmp3</module>
	</ShipDescription>
	<ShipDescription name="Bident_pir3">
		<carcass>Bident_pir0</carcass>
		<module>CG3</module>
		<module>CG3</module>
		<module>T1</module>
		<module>T1</module>
		<module>LRM2</module>
		<module>LRM2</module>
		<module>ECM2</module>
		<module>ShAmp2</module>
	</ShipDescription>
	<ShipDescription name="Cleaner_pir1">
		<carcass>Cleaner_pir0</carcass>
		<module>LC3</module>
		<module>LC3</module>
		<module>ManAmp1</module>
		<module>ShAmp2</module>
	</ShipDescription>
	<ShipDescription name="TieFly_pir1">
		<carcass>TieFly_pir0</carcass>
		<module>AC1</module>
		<module>AC1</module>
		<module>SRM2</module>
		<module>LRS1</module>
		<module>ECM2</module>
	</ShipDescription>
	<ShipDescription name="Raptor_pir1">
		<carcass>Raptor_pir0</carcass>
		<module>CG3</module>
		<module>AC2</module>
		<module>AC2</module>
		<module>CG3</module>
		<module>ShAmp3</module>
		<module>ALS1</module>
	</ShipDescription>
	<ShipDescription name="Raptor_pir2">
		<carcass>Raptor_pir0</carcass>
		<module>CG3</module>
		<module>AC2</module>
		<module>AC2</module>
		<module>CG3</module>
		<module>CloD1</module>
		<module>ECM2</module>
	</ShipDescription>
	<ShipDescription name="Raptor_pir3">
		<carcass>Raptor_pir0</carcass>
		<module>CG3</module>
		<module>AC2</module>
		<module>AC2</module>
		<module>CG3</module>
		<module>LRS2</module>
		<module>ECM2</module>
	</ShipDescription>
	<ShipDescription name="Raptor_pir4">
		<carcass>Raptor_pir0</carcass>
		<module>CG3</module>
		<module>AC2</module>
		<module>AC2</module>
		<module>CG3</module>
		<module>LRRNB2</module>
		<module>ECM2</module>
	</ShipDescription>
	<ShipDescription name="Stormcrow_pir1">
		<carcass>Stormcrow_pir0</carcass>
		<module>VC3</module>
		<module>SRM3</module>
		<module>ShAmp2</module>
		<module>EngAmp2</module>
	</ShipDescription>
	<ShipDescription name="Trident_pir1">
		<carcass>Trident_pir0</carcass>
		<module>AC3</module>
		<module>AC3</module>
		<module>AC3</module>
		<module>MIRV3</module>
		<module>AMS4</module>
		<module>ShAmp4</module>
		<module>RBot3</module>
		<module>ALS2</module>
	</ShipDescription>
	<ShipDescription name="Trident_pir2">
		<carcass>Trident_pir0</carcass>
		<module>AC3</module>
		<module>AC3</module>
		<module>AC3</module>
		<module>SRM3</module>
		<module>ECM3</module>
		<module>ShAmp3</module>
		<module>RBot3</module>
		<module>AMS2</module>
	</ShipDescription>
	<ShipDescription name="EvilEye_pir1">
		<carcass>EvilEye_pir0</carcass>
		<module>PLC2</module>
		<module>SRM3</module>
		<module>RBot3</module>
		<module>ShAmp3</module>
		<module>Stealth2</module>
	</ShipDescription>
	<ShipDescription name="EvilEye_pir2">
		<carcass>EvilEye_pir0</carcass>
		<module>VC4</module>
		<module>SRM4</module>
		<module>RBot3</module>
		<module>ShAmp3</module>
		<module>AMS3</module>
	</ShipDescription>
	<ShipDescription name="Gunslinger_pir1">
		<carcass>Gunslinger_pir0</carcass>
		<module>RG2</module>
		<module>PLC3</module>
		<module>RG2</module>
		<module>ALS1</module>
		<module>ShAmp3</module>
	</ShipDescription>
	<ShipDescription name="Hrimturs_pir1">
		<carcass>Hrimturs_pir0</carcass>
		<module>AC3</module>
		<module>SRM4</module>
		<module>T2</module>
		<module>T2</module>
		<module>SRM4</module>
		<module>RBot3</module>
		<module>ShAmp3</module>
	</ShipDescription>
	<ShipDescription name="Tiger_pir1">
		<carcass>Tiger_pir0</carcass>
		<module>RG2</module>
		<module>LC4</module>
		<module>RBot3</module>
		<module>ALS1</module>
		<module>ShAmp3</module>
	</ShipDescription>
	<ShipDescription name="Butcher_pir1">
		<carcass>Butcher_pir0</carcass>
		<module>LC3</module>
		<module>LC3</module>
		<module>PC2</module>
		<module>PC2</module>
		<module>TVC3</module>
		<module>ECM2</module>
	</ShipDescription>
	<ShipDescription name="Butcher_pir2">
		<carcass>Butcher_pir0</carcass>
		<module>PC3</module>
		<module>PC3</module>
		<module>RG2</module>
		<module>RG2</module>
		<module>TVC4</module>
		<module>ECM2</module>
	</ShipDescription>
	<!--Pirate Mothership-->
	<ShipDescription name="MotherShip_Pirate_old">
		<carcass>Mothership_pirate_old</carcass>
	</ShipDescription>
	<!--Pirate Mothership-->
	<ShipDescription name="Mothership_pirate">
		<carcass>Mothership_pirate_0</carcass>
		<module>Turret_BG1</module>
		<module>Turret_BG3</module>
		<module>Turret_BG1</module>
		<module>Turret_BG3</module>
	</ShipDescription>
	<!--Pirate Mothership-->
	<ShipDescription name="Mothership_pirate2">
		<carcass>Mothership_pirate_0</carcass>
		<module>THC3</module>
		<module>TVC3</module>
		<module>THC3</module>
		<module>TVC3</module>
	</ShipDescription>
	<!--PATROL-->
	<ShipDescription name="Yari_pat1">
		<carcass>Yari_pat0</carcass>
		<module>HC1</module>
		<module>ShAmp1</module>
	</ShipDescription>
	<ShipDescription name="Yari_pat2">
		<carcass>Yari_pat0</carcass>
		<module>VC3</module>
		<module>ShAmp3</module>
	</ShipDescription>
	<ShipDescription name="Brigand_pat1">
		<carcass>Brigand_pat0</carcass>
		<module>HC2</module>
		<module>ShAmp1</module>
	</ShipDescription>
	<ShipDescription name="Brigand_pat2">
		<carcass>Brigand_pat0</carcass>
		<module>VC3</module>
		<module>ShAmp3</module>
	</ShipDescription>
	<ShipDescription name="Naginata_pat1">
		<carcass>Naginata_pat0</carcass>
		<module>CG1</module>
		<module>CG1</module>
		<module>SRM1</module>
		<module>DF</module>
		<module>ShAmp1</module>
	</ShipDescription>
	<ShipDescription name="Naginata_pat2">
		<carcass>Naginata_pat0</carcass>
		<module>CG3</module>
		<module>CG3</module>
		<module>SM3</module>
		<module>SRM3</module>
		<module>ShAmp3</module>
	</ShipDescription>
	<ShipDescription name="Naginata_pat3">
		<carcass>Naginata_pat0</carcass>
		<module>AC1</module>
		<module>AC1</module>
		<module>T1</module>
		<module>SRM2</module>
		<module>ECM1</module>
	</ShipDescription>
	<ShipDescription name="Hammerhead_pat1">
		<carcass>Hammerhead_pat0</carcass>
		<module>AC2</module>
		<module>AC2</module>
		<module>LRM2</module>
		<module>SRM2</module>
		<module>ShAmp2</module>
	</ShipDescription>
	<ShipDescription name="Excalibur_pat1">
		<carcass>Excalibur_pat0</carcass>
		<module>HC2</module>
		<module>SRM1</module>
		<module>MM</module>
		<module>RBot1</module>
		<module>ShAmp1</module>
	</ShipDescription>
	<ShipDescription name="Excalibur_pat2">
		<carcass>Excalibur_pat0</carcass>
		<module>HC3</module>
		<module>SRM2</module>
		<module>LRM1</module>
		<module>RBot2</module>
		<module>ShAmp2</module>
	</ShipDescription>
	<ShipDescription name="Hatchet_pat1">
		<carcass>Hatchet_pat0</carcass>
		<module>CG2</module>
		<module>CG2</module>
		<module>AMS1</module>
		<module>ShAmp1</module>
		<module>RBot1</module>
	</ShipDescription>
	<ShipDescription name="Hatchet_pat2">
		<carcass>Hatchet_pat0</carcass>
		<module>CG2</module>
		<module>CG2</module>
		<module>CloD1</module>
		<module>ECM1</module>
	</ShipDescription>
	<ShipDescription name="Hatchet_pat3">
		<carcass>Hatchet_pat0</carcass>
		<module>CG2</module>
		<module>CG2</module>
		<module>LRS1</module>
		<module>ECM1</module>
	</ShipDescription>
	<ShipDescription name="Hatchet_pat4">
		<carcass>Hatchet_pat0</carcass>
		<module>CG2</module>
		<module>CG2</module>
		<module>LRRNB1</module>
		<module>ECM1</module>
	</ShipDescription>
	<ShipDescription name="Bident_pat1">
		<carcass>Bident_pat0</carcass>
		<module>CG3</module>
		<module>CG3</module>
		<module>MIRV2</module>
		<module>SRM3</module>
		<module>SRM3</module>
		<module>SM3</module>
		<module>ShAmp3</module>
		<module>ALS1</module>
	</ShipDescription>
	<ShipDescription name="Bident_pat2">
		<carcass>Bident_pat0</carcass>
		<module>CG3</module>
		<module>CG3</module>
		<module>MIRV3</module>
		<module>SM4</module>
		<module>SRM4</module>
		<module>SRM4</module>
		<module>RBot3</module>
		<module>ShAmp4</module>
	</ShipDescription>
	<ShipDescription name="Cleaner_pat1">
		<carcass>Cleaner_pat0</carcass>
		<module>HC4</module>
		<module>HC4</module>
		<module>RBot3</module>
		<module>ShAmp3</module>
	</ShipDescription>
	<ShipDescription name="TieFly_pat1">
		<carcass>TieFly_pat0</carcass>
		<module>AC2</module>
		<module>AC2</module>
		<module>SRM2</module>
		<module>ECM2</module>
	</ShipDescription>
	<ShipDescription name="Raptor_pat1">
		<carcass>Raptor_pat0</carcass>
		<module>AC3</module>
		<module>AC3</module>
		<module>AC3</module>
		<module>AC3</module>
		<module>AMS3</module>
		<module>ShAmp4</module>
	</ShipDescription>
	<ShipDescription name="Raptor_pat2">
		<carcass>Raptor_pat0</carcass>
		<module>AC2</module>
		<module>AC2</module>
		<module>AC2</module>
		<module>AC2</module>
		<module>CloD1</module>
		<module>ECM2</module>
	</ShipDescription>
	<ShipDescription name="Raptor_pat3">
		<carcass>Raptor_pat0</carcass>
		<module>AC2</module>
		<module>AC2</module>
		<module>AC2</module>
		<module>AC2</module>
		<module>LRS3</module>
		<module>ShAmp3</module>
	</ShipDescription>
	<ShipDescription name="Raptor_pat4">
		<carcass>Raptor_pat0</carcass>
		<module>AC2</module>
		<module>AC2</module>
		<module>AC2</module>
		<module>AC2</module>
		<module>LRRNB2</module>
		<module>ECM2</module>
	</ShipDescription>
	<ShipDescription name="Stormcrow_pat1">
		<carcass>Stormcrow_pat0</carcass>
		<module>VC3</module>
		<module>SRM2</module>
		<module>RBot3</module>
		<module>ShAmp3</module>
	</ShipDescription>
	<ShipDescription name="Trident_pat1">
		<carcass>Trident_pat0</carcass>
		<module>AC3</module>
		<module>AC3</module>
		<module>AC3</module>
		<module>SRM4</module>
		<module>ALS2</module>
		<module>ShAmp4</module>
		<module>AMS4</module>
		<module>RBot3</module>
	</ShipDescription>
	<ShipDescription name="Trident_pat2">
		<carcass>Trident_pat0</carcass>
		<module>AC3</module>
		<module>AC3</module>
		<module>AC3</module>
		<module>SRM3</module>
		<module>ECM3</module>
		<module>EngAmp2</module>
		<module>CloD2</module>
	</ShipDescription>
	<ShipDescription name="Trident_pat3">
		<carcass>Trident_pat0</carcass>
		<module>AC3</module>
		<module>AC3</module>
		<module>AC3</module>
		<module>SRM3</module>
		<module>ECM3</module>
		<module>EngAmp2</module>
		<module>LRS2</module>
	</ShipDescription>
	<ShipDescription name="Trident_pat4">
		<carcass>Trident_pat0</carcass>
		<module>AC3</module>
		<module>AC3</module>
		<module>AC3</module>
		<module>SRM3</module>
		<module>ECM3</module>
		<module>EngAmp2</module>
		<module>LRRNB3</module>
	</ShipDescription>
	<ShipDescription name="EvilEye_pat1">
		<carcass>EvilEye_pat0</carcass>
		<module>VC4</module>
		<module>SRM3</module>
		<module>RBot3</module>
		<module>ShAmp3</module>
		<module>ManAmp1</module>
	</ShipDescription>
	<ShipDescription name="Gunslinger_pat1">
		<carcass>Gunslinger_pat0</carcass>
		<module>PLC2</module>
		<module>PC3</module>
		<module>PLC2</module>
		<module>ALS2</module>
		<module>ShAmp4</module>
	</ShipDescription>
	<ShipDescription name="Hrimturs_pat1">
		<carcass>Hrimturs_pat0</carcass>
		<module>AC3</module>
		<module>LRM4</module>
		<module>SRM4</module>
		<module>SRM4</module>
		<module>SRM4</module>
		<module>ALS1</module>
		<module>ShAmp4</module>
	</ShipDescription>
	<ShipDescription name="Hrimturs_pat2">
		<carcass>Hrimturs_pat0</carcass>
		<module>AC3</module>
		<module>T3</module>
		<module>T2</module>
		<module>SRM4</module>
		<module>SRM4</module>
		<module>ALS2</module>
		<module>ShAmp4</module>
	</ShipDescription>
	<ShipDescription name="Tiger_pat1">
		<carcass>Tiger_pat0</carcass>
		<module>VC4</module>
		<module>VC4</module>
		<module>RBot3</module>
		<module>ALS1</module>
		<module>ShAmp4</module>
	</ShipDescription>
	<ShipDescription name="Cavalier_pat1">
		<carcass>Cavalier</carcass>
		<module>CG2</module>
		<module>CG2</module>
		<module>SRM1</module>
		<module>SRM1</module>
		<module>SRM1</module>
		<module>MM</module>
		<module>ECM1</module>
		<module>EngAmp1</module>
	</ShipDescription>
	<ShipDescription name="Cavalier_pat2">
		<carcass>Cavalier</carcass>
		<module>CG3</module>
		<module>CG3</module>
		<module>SRM3</module>
		<module>SRM3</module>
		<module>MIRV2</module>
		<module>T2</module>
		<module>ECM3</module>
		<module>ManAmp1</module>
	</ShipDescription>
	<ShipDescription name="Cavalier_pat3">
		<carcass>Cavalier</carcass>
		<module>AC3</module>
		<module>AC3</module>
		<module>SRM4</module>
		<module>SRM4</module>
		<module>T3</module>
		<module>MIRV3</module>
		<module>ECM4</module>
		<module>RBot3</module>
	</ShipDescription>
	<!--NAVY-->
	<ShipDescription name="Bident_nav1">
		<carcass>Bident_nav0</carcass>
		<module>AC2</module>
		<module>AC2</module>
		<module>SRM2</module>
		<module>SRM2</module>
		<module>LRM2</module>
		<module>MM</module>
		<module>ShAmp2</module>
		<module>EngAmp2</module>
	</ShipDescription>
	<ShipDescription name="Bident_nav2">
		<carcass>Bident_nav0</carcass>
		<module>AC2</module>
		<module>AC2</module>
		<module>SRM2</module>
		<module>SRM3</module>
		<module>MM</module>
		<module>T2</module>
		<module>ECM2</module>
		<module>ShAmp2</module>
	</ShipDescription>
	<ShipDescription name="Bident_nav3">
		<carcass>Bident_nav0</carcass>
		<module>AC2</module>
		<module>AC2</module>
		<module>SRM2</module>
		<module>SRM2</module>
		<module>LRM1</module>
		<module>LRM1</module>
		<module>ECM2</module>
	</ShipDescription>
	<ShipDescription name="Bident_nav4">
		<carcass>Bident_nav0</carcass>
		<module>AC2</module>
		<module>AC2</module>
		<module>SRM2</module>
		<module>SRM2</module>
		<module>T2</module>
		<module>T2</module>
		<module>ECM2</module>
		<module>ShAmp3</module>
	</ShipDescription>
	<ShipDescription name="Bident_nav5">
		<carcass>Bident_nav0</carcass>
		<module>AC2</module>
		<module>AC2</module>
		<module>SRM2</module>
		<module>SRM2</module>
		<module>LRM2</module>
		<module>LRM2</module>
		<module>ECM2</module>
		<module>ShAmp3</module>
	</ShipDescription>
	<ShipDescription name="Cleaner_nav1">
		<carcass>Cleaner_nav0</carcass>
		<module>VC2</module>
		<module>VC2</module>
		<module>ECM2</module>
	</ShipDescription>
	<ShipDescription name="TieFly_nav1">
		<carcass>TieFly_nav0</carcass>
		<module>AC2</module>
		<module>AC2</module>
		<module>SRM2</module>
		<module>ShAmp3</module>
		<module>AMS2</module>
		<module>EngAmp2</module>
	</ShipDescription>
	<ShipDescription name="TieFly_nav2">
		<carcass>TieFly_nav0</carcass>
		<module>AC2</module>
		<module>AC2</module>
		<module>SRM2</module>
		<module>ECM2</module>
		<module>CloD2</module>
	</ShipDescription>
	<ShipDescription name="TieFly_nav3">
		<carcass>TieFly_nav0</carcass>
		<module>AC2</module>
		<module>AC2</module>
		<module>SRM2</module>
		<module>ECM2</module>
		<module>LRS2</module>
	</ShipDescription>
	<ShipDescription name="TieFly_nav4">
		<carcass>TieFly_nav0</carcass>
		<module>AC2</module>
		<module>AC2</module>
		<module>LRM1</module>
		<module>LRS1</module>
		<module>RBot2</module>
		<module>ShAmp2</module>
	</ShipDescription>
	<ShipDescription name="Raptor_nav1">
		<carcass>Raptor_nav0</carcass>
		<module>AC2</module>
		<module>AC2</module>
		<module>AC2</module>
		<module>AC2</module>
		<module>AMS2</module>
		<module>ECM2</module>
	</ShipDescription>
	<ShipDescription name="Stormcrow_nav1">
		<carcass>Stormcrow_nav0</carcass>
		<module>VC2</module>
		<module>MIRV1</module>
		<module>RBot1</module>
		<module>ShAmp2</module>
	</ShipDescription>
	<ShipDescription name="Trident_nav1">
		<carcass>Trident_nav0</carcass>
		<module>AC2</module>
		<module>AC2</module>
		<module>AC2</module>
		<module>SRM2</module>
		<module>RBot2</module>
		<module>ShAmp3</module>
		<module>AMS2</module>
		<module>LRS2</module>
	</ShipDescription>
	<ShipDescription name="Trident_nav2">
		<carcass>Trident_nav0</carcass>
		<module>AC3</module>
		<module>AC3</module>
		<module>AC3</module>
		<module>SRM4</module>
		<module>ShAmp4</module>
		<module>LRS3</module>
		<module>ALS2</module>
		<module>AMS4</module>
	</ShipDescription>
	<ShipDescription name="Trident_nav3">
		<carcass>Trident_nav0</carcass>
		<module>AC1</module>
		<module>AC1</module>
		<module>AC1</module>
		<module>SRM1</module>
		<module>ShAmp1</module>
		<module>ECM1</module>
		<module>EngAmp1</module>
		<module>RBot1</module>
	</ShipDescription>
	<ShipDescription name="Trident_nav5">
		<carcass>Trident_nav0</carcass>
		<module>AC2</module>
		<module>AC2</module>
		<module>AC2</module>
		<module>SRM2</module>
		<module>ECM2</module>
		<module>Stealth3</module>
		<module>Stealth3</module>
	</ShipDescription>
	<ShipDescription name="Hrimturs_nav1">
		<carcass>Hrimturs_nav0</carcass>
		<module>AC2</module>
		<module>LRM2</module>
		<module>LRM2</module>
		<module>SRM3</module>
		<module>SRM3</module>
		<module>EngAmp2</module>
		<module>ShAmp2</module>
	</ShipDescription>
	<ShipDescription name="Hrimturs_nav2">
		<carcass>Hrimturs_nav0</carcass>
		<module>AC3</module>
		<module>LRM2</module>
		<module>LRM2</module>
		<module>MIRV2</module>
		<module>MIRV2</module>
		<module>ECM2</module>
		<module>LRS1</module>
	</ShipDescription>
	<ShipDescription name="Hrimturs_nav3">
		<carcass>Hrimturs_nav0</carcass>
		<module>AC3</module>
		<module>MIRV2</module>
		<module>SRM3</module>
		<module>SRM3</module>
		<module>SRM3</module>
		<module>ECM2</module>
		<module>EngAmp1</module>
	</ShipDescription>
	<ShipDescription name="Hrimturs_nav5">
		<carcass>Hrimturs_nav0</carcass>
		<module>AC3</module>
		<module>T3</module>
		<module>SRM4</module>
		<module>SRM4</module>
		<module>SRM4</module>
		<module>ShAmp4</module>
		<module>ALS2</module>
	</ShipDescription>
	<ShipDescription name="Tiger_nav1">
		<carcass>Tiger_nav0</carcass>
		<module>HC3</module>
		<module>HC3</module>
		<module>RBot2</module>
		<module>EngAmp2</module>
		<module>ShAmp2</module>
	</ShipDescription>
	<ShipDescription name="Tiger_nav2">
		<carcass>Tiger_nav0</carcass>
		<module>PLC1</module>
		<module>PLC1</module>
		<module>ECM2</module>
		<module>RBot2</module>
		<module>ShAmp2</module>
	</ShipDescription>
	<ShipDescription name="Tiger_nav3">
		<carcass>Tiger_nav0</carcass>
		<module>VC3</module>
		<module>VC3</module>
		<module>Stealth2</module>
		<module>Stealth2</module>
	</ShipDescription>
	<ShipDescription name="Tiger_nav5">
		<carcass>Tiger_nav0</carcass>
		<module>VC3</module>
		<module>VC3</module>
		<module>ECM2</module>
		<module>ShAmp3</module>
		<module>ALS1</module>
	</ShipDescription>
	<ShipDescription name="Tiger_nav_viper">
		<carcass>Tiger_nav0</carcass>
		<module>VC4</module>
		<module>VC4</module>
		<module>ECM3</module>
		<module>ShAmp3</module>
		<module>EngBoost2</module>
	</ShipDescription>
	<ShipDescription name="Panthera_nav1">
		<carcass>Panthera_nav0</carcass>
		<module>PLC3</module>
		<module>PLC3</module>
		<module>RBot3</module>
		<module>ShAmp4</module>
		<module>ALS2</module>
	</ShipDescription>
	<ShipDescription name="Butcher_nav1">
		<carcass>Butcher_nav0</carcass>
		<module>PLC1</module>
		<module>PLC1</module>
		<module>VC3</module>
		<module>VC3</module>
		<module>TVC3</module>
		<module>ECM2</module>
	</ShipDescription>
	<ShipDescription name="Butcher_nav2">
		<carcass>Butcher_nav0</carcass>
		<module>HC4</module>
		<module>HC4</module>
		<module>LC3</module>
		<module>LC3</module>
		<module>TVC3</module>
		<module>ECM3</module>
	</ShipDescription>
	<ShipDescription name="Butcher_viper1">
		<carcass>Butcher_viper0</carcass>
		<module>PC2</module>
		<module>PC2</module>
		<module>PLC2</module>
		<module>PLC2</module>
		<module>Turret_BG10</module>
		<module>ECM4</module>
		<module>RBot3</module>
	</ShipDescription>
	<ShipDescription name="Walrus_nav1">
		<carcass>Walrus_nav0</carcass>
		<module>Turret_BG3</module>
		<module>Turret_BG3</module>
	</ShipDescription>
	<!--Stone Arrow-->
	<ShipDescription name="StoneArrow1">
		<carcass>StoneArrow0</carcass>
		<module>TVC3</module>
		<module>TVC3</module>
		<module>TVC3</module>
	</ShipDescription>
	<!--Imperial Battle Ship-->
	<ShipDescription name="Battleship_1">
		<carcass>Battleship_0</carcass>
		<module>Turret_BG6</module>
		<module>TVC3</module>
		<module>TVC3</module>
		<module>TVC3</module>
		<module>TVC3</module>
		<module>TVC3</module>
		<module>TVC3</module>
		<module>TVC3</module>
		<module>Turret_BG6</module>
		<module>TVC3</module>
		<module>TVC3</module>
		<module>TVC3</module>
		<module>TVC3</module>
		<module>TVC3</module>
		<module>TVC3</module>
		<module>TVC3</module>
	</ShipDescription>
	<!--BERSERK-->
	<ShipDescription name="Breeze_elite_ber1">
		<carcass>Berserk_elite</carcass>
		<module>BSL1</module>
		<module>BSL1</module>
	</ShipDescription>
	<ShipDescription name="Breeze_leader_ber1">
		<carcass>Berserk_leader</carcass>
		<module>BSL1</module>
	</ShipDescription>
	<ShipDescription name="Breeze_ber1">
		<carcass>Berserk_breeze</carcass>
		<module>BSL1</module>
	</ShipDescription>
	<ShipDescription name="Cancer_elite_ber1">
		<carcass>Cancer</carcass>
		<module>BSL1</module>
		<module>MIRV2</module>
		<module>ECM3</module>
	</ShipDescription>
	<ShipDescription name="Cancer_elite_ber2">
		<carcass>Cancer</carcass>
		<module>BSL1</module>
		<module>T2</module>
		<module>ECM3</module>
	</ShipDescription>
	<ShipDescription name="Cancer_elite_ber3">
		<carcass>Cancer</carcass>
		<module>BSL1</module>
		<module>T1</module>
		<module>ECM2</module>
	</ShipDescription>
	<ShipDescription name="Cancer_leader_ber1">
		<carcass>Cancer</carcass>
		<module>AC2</module>
		<module>SRM2</module>
		<module>ECM1</module>
	</ShipDescription>
	<ShipDescription name="Cancer_leader_ber2">
		<carcass>Cancer</carcass>
		<module>AC2</module>
		<module>T1</module>
		<module>ECM2</module>
	</ShipDescription>
	<ShipDescription name="Cancer_leader_ber3">
		<carcass>Cancer</carcass>
		<module>AC2</module>
		<module>T1</module>
		<module>ECM1</module>
	</ShipDescription>
	<ShipDescription name="Cancer_ber1">
		<carcass>Cancer</carcass>
		<module>AC1</module>
		<module>SRM1</module>
	</ShipDescription>
	<ShipDescription name="Cancer_ber2">
		<carcass>Cancer</carcass>
		<module>AC1</module>
		<module>DF</module>
	</ShipDescription>
	<ShipDescription name="Cancer_ber3">
		<carcass>Cancer</carcass>
		<module>AC1</module>
		<module>T1</module>
	</ShipDescription>
	<ShipDescription name="Chimera1">
		<carcass>Chimera</carcass>
		<module>Turret_BG3</module>
		<module>Turret_BG3</module>
		<module>Turret_BG3</module>
		<module>Turret_BG3</module>
	</ShipDescription>
	<ShipDescription name="Chimera2">
		<carcass>Chimera</carcass>
		<module>TVC3</module>
		<module>TVC3</module>
		<module>TVC3</module>
		<module>TVC3</module>
	</ShipDescription>
	<ShipDescription name="Super_Chimera1">
		<carcass>Super_Chimera</carcass>
		<module>Turret_BG4</module>
		<module>Turret_BG4</module>
		<module>Turret_BG5</module>
		<module>Turret_BG8</module>
		<module>Turret_BG4</module>
		<module>Turret_BG4</module>
	</ShipDescription>
	<ShipDescription name="EL_Chimera1">
		<carcass>El_Chimera</carcass>
		<module>Turret_BG6</module>
		<module>Turret_BG6</module>
		<module>Turret_BG6</module>
		<module>Turret_BG6</module>
		<module>Turret_BG6</module>
		<module>Turret_BG6</module>
	</ShipDescription>
	<ShipDescription name="EL_Chimera2">
		<carcass>El_Chimera_hard</carcass>
		<module>Turret_BG6</module>
		<module>Turret_BG6</module>
		<module>Turret_BG6</module>
		<module>Turret_BG6</module>
		<module>Turret_BG6</module>
		<module>Turret_BG6</module>
	</ShipDescription>
	<!--ALIEN-->
	<ShipDescription name="A_Fighter_1">
		<carcass>A_Fighter_0</carcass>
		<module>ASG</module>
		<module>ASG</module>
	</ShipDescription>
	<ShipDescription name="A_Bomber_1">
		<carcass>A_Bomber_0</carcass>
		<module>ASG</module>
		<module>AlienSRM</module>
		<module>AlienSRM</module>
	</ShipDescription>
	<ShipDescription name="A_Bomber_2">
		<carcass>A_Bomber_0</carcass>
		<module>ASG</module>
		<module>AlienPoisonTorpedo</module>
		<module>AlienSRM</module>
	</ShipDescription>
	<ShipDescription name="Alien_Frigate_1">
		<carcass>Alien_Frigate_0</carcass>
		<module>Turret_AG</module>
		<module>Turret_AG</module>
		<module>Turret_AG</module>
		<module>Turret_AG</module>
	</ShipDescription>
	<ShipDescription name="Alien_Dreadnought_1">
		<carcass>Alien_Dreadnought_0</carcass>
		<module>Turret_AG</module>
		<module>Turret_AG</module>
		<module>Turret_AG</module>
		<module>Turret_AG</module>
		<module>Turret_AG</module>
		<module>Turret_AG</module>
		<module>Turret_AG</module>
		<module>Turret_AG</module>
		<module>Turret_AG</module>
		<module>Turret_AG</module>
		<module>Turret_AG</module>
		<module>Turret_AG</module>
		<module>Turret_AG</module>
		<module>Turret_AG</module>
	</ShipDescription>
	<!--other-->
	<ShipDescription name="Yari_lan1">
		<carcass>Yari_lan0</carcass>
		<module>VC1</module>
		<module>ShAmp1</module>
	</ShipDescription>
	<ShipDescription name="Excalibur_lan1">
		<carcass>Excalibur_lan0</carcass>
		<module>HC2</module>
		<module>SRM2</module>
		<module>MM</module>
		<module>ECM1</module>
		<module>ShAmp1</module>
	</ShipDescription>
	<ShipDescription name="Excalibur_lan2">
		<carcass>Excalibur_lan0</carcass>
		<module>VC3</module>
		<module>SRM3</module>
		<module>MIRV2</module>
		<module>ECM3</module>
		<module>ShAmp3</module>
	</ShipDescription>
	<ShipDescription name="Excalibur_lan3">
		<carcass>Excalibur_lan0</carcass>
		<module>HC4</module>
		<module>SRM4</module>
		<module>SRM4</module>
		<module>AMS4</module>
		<module>ShAmp4</module>
	</ShipDescription>
	<ShipDescription name="Bident_test">
		<carcass>Bident_uss0</carcass>
		<module>SRM1</module>
		<module>SRM1</module>
		<module>SRM1</module>
		<module>SRM1</module>
	</ShipDescription>
	<ShipDescription name="Raptor_test">
		<carcass>Raptor_uss0</carcass>
		<module>ECM4</module>
		<module>ECM3</module>
		<module>ECM2</module>
	</ShipDescription>
	<ShipDescription name="Satan_1">
		<carcass>Satan_0</carcass>
		<module>PrecC</module>
		<module>PrecC</module>
	</ShipDescription>
	<ShipDescription name="Satan_damaged">
		<carcass>Satan_d_0</carcass>
		<module>PrecC</module>
	</ShipDescription>
	<!--Heavy Metal Queen-->
	<ShipDescription name="HMQueen_tr1">
		<carcass>hm_queen_01</carcass>
	</ShipDescription>
	<ShipDescription name="HMQueen_tr2">
		<carcass>hm_queen_02</carcass>
	</ShipDescription>
	<ShipDescription name="HMQueen_tr3">
		<carcass>hm_queen_03</carcass>
	</ShipDescription>
	<ShipDescription name="HMQueen_tr4">
		<carcass>hm_queen_04</carcass>
	</ShipDescription>
	<ShipDescription name="HMQueen_tr5">
		<carcass>hm_queen_05</carcass>
	</ShipDescription>
	<!--ARBA-->
	<ShipDescription name="Arba">
		<carcass>Arba_0</carcass>
		<module>Turret_BG3</module>
		<module>Turret_BG1</module>
	</ShipDescription>
	<ShipDescription name="Arba2">
		<carcass>Arba_0</carcass>
		<module>TVC3</module>
		<module>Turret_BG6</module>
	</ShipDescription>
	<!--Walrus-->
	<ShipDescription name="Walrus_1">
		<carcass>Walrus_0</carcass>
		<module>Turret_BG5</module>
		<module>Turret_BG3</module>
	</ShipDescription>
	<!--Utility Tug (Thug?)-->
	<ShipDescription name="Repairer_tur_1">
		<carcass>Repairer_tur_0</carcass>
		<module>Turret_Repair</module>
	</ShipDescription>
	<ShipDescription name="Tug_tr01">
		<carcass>tug_utility</carcass>
	</ShipDescription>
	<!--Automatic Mine-->
	<ShipDescription name="a_mine_01">
		<carcass>a_mine</carcass>
		<module>CG2</module>
	</ShipDescription>
	<!--Old Imperial Battle Ship-->
	<ShipDescription name="Battleship_old_1">
		<carcass>Battleship_old</carcass>
		<module>TVC3</module>
		<module>Turret_BG11</module>
		<module>Turret_BG6</module>
		<module>TVC3</module>
		<module>Turret_BG4</module>
		<module>Turret_BG6</module>
		<module>TVC3</module>
		<module>Turret_BG11</module>
		<module>Turret_BG6</module>
		<module>TVC3</module>
		<module>Turret_BG4</module>
		<module>Turret_BG6</module>
		<module>TVC3</module>
		<module>Turret_BG11</module>
		<module>Turret_BG6</module>
		<module>TVC3</module>
		<module>BS_ECM3</module>
		<module>BS_RBot4</module>
		<module>BS_ShAmp4</module>
		<module>BS_ShAmp4</module>
	</ShipDescription>
	<!--Steel Arrow-->
	<ShipDescription name="SteelArrow1">
		<carcass>SteelArrow0</carcass>
		<module>Turret_BG6</module>
		<module>TVC3</module>
		<module>Turret_BG11</module>
		<module>BS_ECM3</module>
		<module>BS_RBot4</module>
		<module>BS_ShAmp4</module>
	</ShipDescription>
</ShipsDescriptions>
